date,cases_new,cases_recovered,cases_active,daily_full,Cum_NewCases,Cum_Recovered,Cum_Vax,S=N-(I+R+V),v(t),,
2020-01-25,4,0,4,0,4,0,0,"32,599,996",0,,
2020-01-26,0,0,4,0,4,0,0,"32,599,996",0,,
2020-01-27,0,0,4,0,4,0,0,"32,599,996",0,,
2020-01-28,0,0,4,0,4,0,0,"32,599,996",0,,
2020-01-29,3,0,7,0,7,0,0,"32,599,993",0,,
2020-01-30,1,0,8,0,8,0,0,"32,599,992",0,,
2020-01-31,0,0,8,0,8,0,0,"32,599,992",0,,
2020-02-01,0,0,8,0,8,0,0,"32,599,992",0,,
2020-02-02,0,0,8,0,8,0,0,"32,599,992",0,,
2020-02-03,0,0,8,0,8,0,0,"32,599,992",0,,
2020-02-04,2,0,10,0,10,0,0,"32,599,990",0,,
2020-02-05,2,1,11,0,12,1,0,"32,599,987",0,,
2020-02-06,2,0,13,0,14,1,0,"32,599,985",0,,
2020-02-07,1,0,14,0,15,1,0,"32,599,984",0,,
2020-02-08,1,1,14,0,16,2,0,"32,599,982",0,,
2020-02-09,1,1,14,0,17,3,0,"32,599,980",0,,
2020-02-10,1,0,15,0,18,3,0,"32,599,979",0,,
2020-02-11,0,0,15,0,18,3,0,"32,599,979",0,,
2020-02-12,0,0,15,0,18,3,0,"32,599,979",0,,
2020-02-13,0,0,15,0,18,3,0,"32,599,979",0,,
2020-02-14,1,4,12,0,19,7,0,"32,599,974",0,,
2020-02-15,3,1,14,0,22,8,0,"32,599,970",0,,
2020-02-16,0,0,14,0,22,8,0,"32,599,970",0,,
2020-02-17,0,3,11,0,22,11,0,"32,599,967",0,,
2020-02-18,0,2,9,0,22,13,0,"32,599,965",0,,
2020-02-19,0,4,5,0,22,17,0,"32,599,961",0,,
2020-02-20,0,0,5,0,22,17,0,"32,599,961",0,,
2020-02-21,0,0,5,0,22,17,0,"32,599,961",0,,
2020-02-22,0,1,4,0,22,18,0,"32,599,960",0,,
2020-02-23,0,0,4,0,22,18,0,"32,599,960",0,,
2020-02-24,0,2,2,0,22,20,0,"32,599,958",0,,
2020-02-25,0,0,2,0,22,20,0,"32,599,958",0,,
2020-02-26,0,0,2,0,22,20,0,"32,599,958",0,,
2020-02-27,1,2,1,0,23,22,0,"32,599,955",0,,
2020-02-28,2,0,3,0,25,22,0,"32,599,953",0,,
2020-02-29,0,0,3,0,25,22,0,"32,599,953",0,,
2020-03-01,4,0,7,0,29,22,0,"32,599,949",0,,
2020-03-02,0,0,7,0,29,22,0,"32,599,949",0,,
2020-03-03,7,0,14,0,36,22,0,"32,599,942",0,,
2020-03-04,14,1,27,0,50,23,0,"32,599,927",0,,
2020-03-05,5,0,32,0,55,23,0,"32,599,922",0,,
2020-03-06,28,0,60,0,83,23,0,"32,599,894",0,,
2020-03-07,10,1,69,0,93,24,0,"32,599,883",0,,
2020-03-08,6,1,74,0,99,25,0,"32,599,876",0,,
2020-03-09,18,1,91,0,117,26,0,"32,599,857",0,,
2020-03-10,12,0,103,0,129,26,0,"32,599,845",0,,
2020-03-11,20,1,122,0,149,27,0,"32,599,824",0,,
2020-03-12,9,6,125,0,158,33,0,"32,599,809",0,,
2020-03-13,39,0,164,0,197,33,0,"32,599,770",0,,
2020-03-14,41,4,201,0,238,37,0,"32,599,725",0,,
2020-03-15,190,5,386,0,428,42,0,"32,599,530",0,,
2020-03-16,125,0,511,0,553,42,0,"32,599,405",0,,
2020-03-17,120,7,622,0,673,49,0,"32,599,278",0,,
2020-03-18,117,11,728,0,790,60,0,"32,599,150",0,,
2020-03-19,110,15,823,0,900,75,0,"32,599,025",0,,
2020-03-20,130,12,940,0,"1,030",87,0,"32,598,883",0,,
2020-03-21,153,27,"1,062",0,"1,183",114,0,"32,598,703",0,,
2020-03-22,123,25,"1,156",0,"1,306",139,0,"32,598,555",0,,
2020-03-23,212,20,"1,343",0,"1,518",159,0,"32,598,323",0,,
2020-03-24,106,24,"1,423",0,"1,624",183,0,"32,598,193",0,,
2020-03-25,172,16,"1,576",0,"1,796",199,0,"32,598,005",0,,
2020-03-26,235,16,"1,790",0,"2,031",215,0,"32,597,754",0,,
2020-03-27,130,44,"1,874",0,"2,161",259,0,"32,597,580",0,,
2020-03-28,159,61,"1,966",0,"2,320",320,0,"32,597,360",0,,
2020-03-29,150,68,"2,043",0,"2,470",388,0,"32,597,142",0,,
2020-03-30,156,90,"2,105",0,"2,626",478,0,"32,596,896",0,,
2020-03-31,140,58,"2,182",0,"2,766",536,0,"32,596,698",0,,
2020-04-01,142,108,"2,214",0,"2,908",644,0,"32,596,448",0,,
2020-04-02,208,122,"2,298",0,"3,116",766,0,"32,596,118",0,,
2020-04-03,217,60,"2,450",0,"3,333",826,0,"32,595,841",0,,
2020-04-04,150,88,"2,509",0,"3,483",914,0,"32,595,603",0,,
2020-04-05,179,90,"2,596",0,"3,662","1,004",0,"32,595,334",0,,
2020-04-06,131,236,"2,489",0,"3,793","1,240",0,"32,594,967",0,,
2020-04-07,170,80,"2,578",0,"3,963","1,320",0,"32,594,717",0,,
2020-04-08,156,166,"2,567",0,"4,119","1,486",0,"32,594,395",0,,
2020-04-09,109,121,"2,553",0,"4,228","1,607",0,"32,594,165",0,,
2020-04-10,118,222,"2,446",0,"4,346","1,829",0,"32,593,825",0,,
2020-04-11,184,165,"2,462",0,"4,530","1,994",0,"32,593,476",0,,
2020-04-12,153,113,"2,497",0,"4,683","2,107",0,"32,593,210",0,,
2020-04-13,134,168,"2,462",0,"4,817","2,275",0,"32,592,908",0,,
2020-04-14,170,202,"2,427",0,"4,987","2,477",0,"32,592,536",0,,
2020-04-15,85,169,"2,341",0,"5,072","2,646",0,"32,592,282",0,,
2020-04-16,110,119,"2,330",0,"5,182","2,765",0,"32,592,053",0,,
2020-04-17,69,201,"2,197",0,"5,251","2,966",0,"32,591,783",0,,
2020-04-18,54,135,"2,116",0,"5,305","3,101",0,"32,591,594",0,,
2020-04-19,84,95,"2,104",0,"5,389","3,196",0,"32,591,415",0,,
2020-04-20,36,98,"2,041",0,"5,425","3,294",0,"32,591,281",0,,
2020-04-21,57,54,"2,042",0,"5,482","3,348",0,"32,591,170",0,,
2020-04-22,50,103,"1,987",0,"5,532","3,451",0,"32,591,017",0,,
2020-04-23,71,90,"1,967",0,"5,603","3,541",0,"32,590,856",0,,
2020-04-24,88,121,"1,933",0,"5,691","3,662",0,"32,590,647",0,,
2020-04-25,51,99,"1,883",0,"5,742","3,761",0,"32,590,497",0,,
2020-04-26,38,100,"1,821",0,"5,780","3,861",0,"32,590,359",0,,
2020-04-27,40,95,"1,765",0,"5,820","3,956",0,"32,590,224",0,,
2020-04-28,31,75,"1,720",0,"5,851","4,031",0,"32,590,118",0,,
2020-04-29,94,55,"1,758",0,"5,945","4,086",0,"32,589,969",0,,
2020-04-30,57,84,"1,729",0,"6,002","4,170",0,"32,589,828",0,,
2020-05-01,69,39,"1,759",0,"6,071","4,209",0,"32,589,720",0,,
2020-05-02,105,116,"1,747",0,"6,176","4,325",0,"32,589,499",0,,
2020-05-03,122,87,"1,781",0,"6,298","4,412",0,"32,589,290",0,,
2020-05-04,55,71,"1,765",0,"6,353","4,483",0,"32,589,164",0,,
2020-05-05,30,83,"1,710",0,"6,383","4,566",0,"32,589,051",0,,
2020-05-06,45,135,"1,620",0,"6,428","4,701",0,"32,588,871",0,,
2020-05-07,39,74,"1,584",0,"6,467","4,775",0,"32,588,758",0,,
2020-05-08,68,88,"1,564",0,"6,535","4,863",0,"32,588,602",0,,
2020-05-09,54,65,"1,552",0,"6,589","4,928",0,"32,588,483",0,,
2020-05-10,67,96,"1,522",0,"6,656","5,024",0,"32,588,320",0,,
2020-05-11,70,88,"1,504",0,"6,726","5,112",0,"32,588,162",0,,
2020-05-12,16,110,"1,409",0,"6,742","5,222",0,"32,588,036",0,,
2020-05-13,37,58,"1,386",0,"6,779","5,280",0,"32,587,941",0,,
2020-05-14,40,70,"1,356",0,"6,819","5,350",0,"32,587,831",0,,
2020-05-15,36,88,"1,304",0,"6,855","5,438",0,"32,587,707",0,,
2020-05-16,17,73,"1,248",0,"6,872","5,511",0,"32,587,617",0,,
2020-05-17,22,59,"1,211",0,"6,894","5,570",0,"32,587,536",0,,
2020-05-18,47,44,"1,213",0,"6,941","5,614",0,"32,587,445",0,,
2020-05-19,37,31,"1,219",0,"6,978","5,645",0,"32,587,377",0,,
2020-05-20,31,60,"1,190",0,"7,009","5,705",0,"32,587,286",0,,
2020-05-21,50,90,"1,149",0,"7,059","5,795",0,"32,587,146",0,,
2020-05-22,78,63,"1,164",0,"7,137","5,858",0,"32,587,005",0,,
2020-05-23,48,53,"1,159",0,"7,185","5,911",0,"32,586,904",0,,
2020-05-24,60,33,"1,186",0,"7,245","5,944",0,"32,586,811",0,,
2020-05-25,172,34,"1,324",0,"7,417","5,978",0,"32,586,605",0,,
2020-05-26,187,62,"1,449",0,"7,604","6,040",0,"32,586,356",0,,
2020-05-27,15,42,"1,422",0,"7,619","6,082",0,"32,586,299",0,,
2020-05-28,10,86,"1,346",0,"7,629","6,168",0,"32,586,203",0,,
2020-05-29,103,66,"1,383",0,"7,732","6,234",0,"32,586,034",0,,
2020-05-30,30,95,"1,318",0,"7,762","6,329",0,"32,585,909",0,,
2020-05-31,57,23,"1,352",0,"7,819","6,352",0,"32,585,829",0,,
2020-06-01,38,51,"1,339",0,"7,857","6,403",0,"32,585,740",0,,
2020-06-02,20,66,"1,293",0,"7,877","6,469",0,"32,585,654",0,,
2020-06-03,93,61,"1,325",0,"7,970","6,530",0,"32,585,500",0,,
2020-06-04,277,28,"1,573",0,"8,247","6,558",0,"32,585,195",0,,
2020-06-05,19,51,"1,540",0,"8,266","6,609",0,"32,585,125",0,,
2020-06-06,37,25,"1,552",0,"8,303","6,634",0,"32,585,063",0,,
2020-06-07,19,39,"1,532",0,"8,322","6,673",0,"32,585,005",0,,
2020-06-08,7,20,"1,519",0,"8,329","6,693",0,"32,584,978",0,,
2020-06-09,7,281,"1,245",0,"8,336","6,974",0,"32,584,690",0,,
2020-06-10,2,39,"1,207",0,"8,338","7,013",0,"32,584,649",0,,
2020-06-11,31,51,"1,186",0,"8,369","7,064",0,"32,584,567",0,,
2020-06-12,33,103,"1,114",0,"8,402","7,167",0,"32,584,431",0,,
2020-06-13,43,143,"1,014",0,"8,445","7,310",0,"32,584,245",0,,
2020-06-14,8,35,987,0,"8,453","7,345",0,"32,584,202",0,,
2020-06-15,41,54,974,0,"8,494","7,399",0,"32,584,107",0,,
2020-06-16,11,333,652,0,"8,505","7,732",0,"32,583,763",0,,
2020-06-17,10,140,522,0,"8,515","7,872",0,"32,583,613",0,,
2020-06-18,14,127,409,0,"8,529","7,999",0,"32,583,472",0,,
2020-06-19,6,70,345,0,"8,535","8,069",0,"32,583,396",0,,
2020-06-20,21,76,290,0,"8,556","8,145",0,"32,583,299",0,,
2020-06-21,16,10,296,0,"8,572","8,155",0,"32,583,273",0,,
2020-06-22,15,21,290,0,"8,587","8,176",0,"32,583,237",0,,
2020-06-23,3,9,284,0,"8,590","8,185",0,"32,583,225",0,,
2020-06-24,6,45,245,0,"8,596","8,230",0,"32,583,174",0,,
2020-06-25,4,40,209,0,"8,600","8,270",0,"32,583,130",0,,
2020-06-26,6,23,192,0,"8,606","8,293",0,"32,583,101",0,,
2020-06-27,10,14,188,0,"8,616","8,307",0,"32,583,077",0,,
2020-06-28,18,10,196,0,"8,634","8,317",0,"32,583,049",0,,
2020-06-29,3,16,183,0,"8,637","8,333",0,"32,583,030",0,,
2020-06-30,2,20,165,0,"8,639","8,353",0,"32,583,008",0,,
2020-07-01,1,21,145,0,"8,640","8,374",0,"32,582,986",0,,
2020-07-02,3,62,86,0,"8,643","8,436",0,"32,582,921",0,,
2020-07-03,5,9,82,0,"8,648","8,445",0,"32,582,907",0,,
2020-07-04,10,15,77,0,"8,658","8,460",0,"32,582,882",0,,
2020-07-05,5,4,78,0,"8,663","8,464",0,"32,582,873",0,,
2020-07-06,5,11,72,0,"8,668","8,475",0,"32,582,857",0,,
2020-07-07,6,5,73,0,"8,674","8,480",0,"32,582,846",0,,
2020-07-08,3,5,71,0,"8,677","8,485",0,"32,582,838",0,,
2020-07-09,6,13,64,0,"8,683","8,498",0,"32,582,819",0,,
2020-07-10,13,12,64,0,"8,696","8,510",0,"32,582,794",0,,
2020-07-11,8,4,68,0,"8,704","8,514",0,"32,582,782",0,,
2020-07-12,14,4,78,0,"8,718","8,518",0,"32,582,764",0,,
2020-07-13,7,1,84,0,"8,725","8,519",0,"32,582,756",0,,
2020-07-14,4,4,84,0,"8,729","8,523",0,"32,582,748",0,,
2020-07-15,5,2,87,0,"8,734","8,525",0,"32,582,741",0,,
2020-07-16,3,12,78,0,"8,737","8,537",0,"32,582,726",0,,
2020-07-17,18,3,92,0,"8,755","8,540",0,"32,582,705",0,,
2020-07-18,9,5,96,0,"8,764","8,545",0,"32,582,691",0,,
2020-07-19,15,7,104,0,"8,779","8,552",0,"32,582,669",0,,
2020-07-20,21,2,123,0,"8,800","8,554",0,"32,582,646",0,,
2020-07-21,15,7,131,0,"8,815","8,561",0,"32,582,624",0,,
2020-07-22,16,4,143,0,"8,831","8,565",0,"32,582,604",0,,
2020-07-23,9,8,144,0,"8,840","8,573",0,"32,582,587",0,,
2020-07-24,21,3,162,0,"8,861","8,576",0,"32,582,563",0,,
2020-07-25,23,17,168,0,"8,884","8,593",0,"32,582,523",0,,
2020-07-26,13,6,174,0,"8,897","8,599",0,"32,582,504",0,,
2020-07-27,7,1,180,0,"8,904","8,600",0,"32,582,496",0,,
2020-07-28,39,6,213,0,"8,943","8,606",0,"32,582,451",0,,
2020-07-29,13,5,220,0,"8,956","8,611",0,"32,582,433",0,,
2020-07-30,8,5,223,0,"8,964","8,616",0,"32,582,420",0,,
2020-07-31,12,27,208,0,"8,976","8,643",0,"32,582,381",0,,
2020-08-01,9,3,214,0,"8,985","8,646",0,"32,582,369",0,,
2020-08-02,14,17,211,0,"8,999","8,663",0,"32,582,338",0,,
2020-08-03,2,4,209,0,"9,001","8,667",0,"32,582,332",0,,
2020-08-04,1,16,194,0,"9,002","8,683",0,"32,582,315",0,,
2020-08-05,21,18,197,0,"9,023","8,701",0,"32,582,276",0,,
2020-08-06,15,11,201,0,"9,038","8,712",0,"32,582,250",0,,
2020-08-07,25,15,211,0,"9,063","8,727",0,"32,582,210",0,,
2020-08-08,7,47,171,0,"9,070","8,774",0,"32,582,156",0,,
2020-08-09,13,9,175,0,"9,083","8,783",0,"32,582,134",0,,
2020-08-10,11,19,166,0,"9,094","8,802",0,"32,582,104",0,,
2020-08-11,9,6,169,0,"9,103","8,808",0,"32,582,089",0,,
2020-08-12,11,8,172,0,"9,114","8,816",0,"32,582,070",0,,
2020-08-13,15,4,183,0,"9,129","8,820",0,"32,582,051",0,,
2020-08-14,20,7,196,0,"9,149","8,827",0,"32,582,024",0,,
2020-08-15,26,3,219,0,"9,175","8,830",0,"32,581,995",0,,
2020-08-16,25,28,216,0,"9,200","8,858",0,"32,581,942",0,,
2020-08-17,12,17,211,0,"9,212","8,875",0,"32,581,913",0,,
2020-08-18,7,26,192,0,"9,219","8,901",0,"32,581,880",0,,
2020-08-19,16,23,185,0,"9,235","8,924",0,"32,581,841",0,,
2020-08-20,5,7,183,0,"9,240","8,931",0,"32,581,829",0,,
2020-08-21,9,13,179,0,"9,249","8,944",0,"32,581,807",0,,
2020-08-22,8,4,183,0,"9,257","8,948",0,"32,581,795",0,,
2020-08-23,10,10,183,0,"9,267","8,958",0,"32,581,775",0,,
2020-08-24,7,6,184,0,"9,274","8,964",0,"32,581,762",0,,
2020-08-25,11,6,189,0,"9,285","8,970",0,"32,581,745",0,,
2020-08-26,6,7,188,0,"9,291","8,977",0,"32,581,732",0,,
2020-08-27,5,16,177,0,"9,296","8,993",0,"32,581,711",0,,
2020-08-28,10,36,151,0,"9,306","9,029",0,"32,581,665",0,,
2020-08-29,11,8,153,0,"9,317","9,037",0,"32,581,646",0,,
2020-08-30,17,10,159,0,"9,334","9,047",0,"32,581,619",0,,
2020-08-31,6,6,159,0,"9,340","9,053",0,"32,581,607",0,,
2020-09-01,14,21,151,0,"9,354","9,074",0,"32,581,572",0,,
2020-09-02,6,4,153,0,"9,360","9,078",0,"32,581,562",0,,
2020-09-03,14,4,163,0,"9,374","9,082",0,"32,581,544",0,,
2020-09-04,11,9,165,0,"9,385","9,091",0,"32,581,524",0,,
2020-09-05,6,21,150,0,"9,391","9,112",0,"32,581,497",0,,
2020-09-06,6,2,154,0,"9,397","9,114",0,"32,581,489",0,,
2020-09-07,62,9,207,0,"9,459","9,123",0,"32,581,418",0,,
2020-09-08,100,12,295,0,"9,559","9,135",0,"32,581,306",0,,
2020-09-09,24,7,312,0,"9,583","9,142",0,"32,581,275",0,,
2020-09-10,45,24,333,0,"9,628","9,166",0,"32,581,206",0,,
2020-09-11,182,14,501,0,"9,810","9,180",0,"32,581,010",0,,
2020-09-12,58,8,551,0,"9,868","9,188",0,"32,580,944",0,,
2020-09-13,47,7,591,0,"9,915","9,195",0,"32,580,890",0,,
2020-09-14,31,7,614,0,"9,946","9,202",0,"32,580,852",0,,
2020-09-15,23,6,631,0,"9,969","9,208",0,"32,580,823",0,,
2020-09-16,62,26,667,0,"10,031","9,234",0,"32,580,735",0,,
2020-09-17,21,15,673,0,"10,052","9,249",0,"32,580,699",0,,
2020-09-18,95,14,753,0,"10,147","9,263",0,"32,580,590",0,,
2020-09-19,20,51,721,0,"10,167","9,314",0,"32,580,519",0,,
2020-09-20,52,40,733,0,"10,219","9,354",0,"32,580,427",0,,
2020-09-21,57,40,750,0,"10,276","9,394",0,"32,580,330",0,,
2020-09-22,82,168,663,0,"10,358","9,562",0,"32,580,080",0,,
2020-09-23,147,39,769,0,"10,505","9,601",0,"32,579,894",0,,
2020-09-24,72,64,777,0,"10,577","9,665",0,"32,579,758",0,,
2020-09-25,110,30,857,0,"10,687","9,695",0,"32,579,618",0,,
2020-09-26,82,89,849,0,"10,769","9,784",0,"32,579,447",0,,
2020-09-27,150,50,948,0,"10,919","9,834",0,"32,579,247",0,,
2020-09-28,115,54,"1,008",0,"11,034","9,888",0,"32,579,078",0,,
2020-09-29,101,50,"1,059",0,"11,135","9,938",0,"32,578,927",0,,
2020-09-30,89,28,"1,120",0,"11,224","9,966",0,"32,578,810",0,,
2020-10-01,260,47,"1,333",0,"11,484","10,013",0,"32,578,503",0,,
2020-10-02,287,81,"1,536",0,"11,771","10,094",0,"32,578,135",0,,
2020-10-03,317,121,"1,731",0,"12,088","10,215",0,"32,577,697",0,,
2020-10-04,293,67,"1,955",0,"12,381","10,282",0,"32,577,337",0,,
2020-10-05,432,57,"2,327",0,"12,813","10,339",0,"32,576,848",0,,
2020-10-06,691,87,"2,930",0,"13,504","10,426",0,"32,576,070",0,,
2020-10-07,489,74,"3,342",0,"13,993","10,500",0,"32,575,507",0,,
2020-10-08,375,18,"3,694",0,"14,368","10,518",0,"32,575,114",0,,
2020-10-09,354,188,"3,856",0,"14,722","10,706",0,"32,574,572",0,,
2020-10-10,374,73,"4,154",0,"15,096","10,779",0,"32,574,125",0,,
2020-10-11,561,133,"4,579",0,"15,657","10,912",0,"32,573,431",0,,
2020-10-12,563,109,"5,030",0,"16,220","11,021",0,"32,572,759",0,,
2020-10-13,660,350,"5,336",0,"16,880","11,371",0,"32,571,749",0,,
2020-10-14,660,233,"5,759",0,"17,540","11,604",0,"32,570,856",0,,
2020-10-15,589,409,"5,936",0,"18,129","12,013",0,"32,569,858",0,,
2020-10-16,629,245,"6,314",0,"18,758","12,258",0,"32,568,984",0,,
2020-10-17,869,302,"6,875",0,"19,627","12,560",0,"32,567,813",0,,
2020-10-18,871,701,"7,043",0,"20,498","13,261",0,"32,566,241",0,,
2020-10-19,865,455,"7,446",0,"21,363","13,716",0,"32,564,921",0,,
2020-10-20,862,634,"7,670",0,"22,225","14,350",0,"32,563,425",0,,
2020-10-21,732,580,"7,815",0,"22,957","14,930",0,"32,562,113",0,,
2020-10-22,847,486,"8,165",0,"23,804","15,416",0,"32,560,780",0,,
2020-10-23,710,467,"8,399",0,"24,514","15,883",0,"32,559,603",0,,
2020-10-24,"1,228",671,"8,953",0,"25,742","16,554",0,"32,557,704",0,,
2020-10-25,823,579,"9,191",0,"26,565","17,133",0,"32,556,302",0,,
2020-10-26,"1,240",691,"9,738",0,"27,805","17,824",0,"32,554,371",0,,
2020-10-27,835,674,"9,897",0,"28,640","18,498",0,"32,552,862",0,,
2020-10-28,801,573,"10,115",0,"29,441","19,071",0,"32,551,488",0,,
2020-10-29,649,685,"10,075",0,"30,090","19,756",0,"32,550,154",0,,
2020-10-30,799,491,"10,380",0,"30,889","20,247",0,"32,548,864",0,,
2020-10-31,659,"1,000","10,034",0,"31,548","21,247",0,"32,547,205",0,,
2020-11-01,957,972,"10,015",0,"32,505","22,219",0,"32,545,276",0,,
2020-11-02,834,900,"9,944",0,"33,339","23,119",0,"32,543,542",0,,
2020-11-03,"1,054",875,"10,115",0,"34,393","23,994",0,"32,541,613",0,,
2020-11-04,"1,032",820,"10,320",0,"35,425","24,814",0,"32,539,761",0,,
2020-11-05,"1,009",839,"10,484",0,"36,434","25,653",0,"32,537,913",0,,
2020-11-06,"1,755",726,"11,509",0,"38,189","26,379",0,"32,535,432",0,,
2020-11-07,"1,168","1,029","11,646",0,"39,357","27,408",0,"32,533,235",0,,
2020-11-08,852,825,"11,669",0,"40,209","28,233",0,"32,531,558",0,,
2020-11-09,972,"1,345","11,295",0,"41,181","29,578",0,"32,529,241",0,,
2020-11-10,869,725,"11,437",0,"42,050","30,303",0,"32,527,647",0,,
2020-11-11,822,769,"11,488",0,"42,872","31,072",0,"32,526,056",0,,
2020-11-12,919,996,"11,411",0,"43,791","32,068",0,"32,524,141",0,,
2020-11-13,"1,304",900,"11,812",0,"45,095","32,968",0,"32,521,937",0,,
2020-11-14,"1,114",803,"12,114",0,"46,209","33,771",0,"32,520,020",0,,
2020-11-15,"1,208","1,013","12,306",0,"47,417","34,784",0,"32,517,799",0,,
2020-11-16,"1,103",821,"12,585",0,"48,520","35,605",0,"32,515,875",0,,
2020-11-17,"1,210","1,018","12,774",0,"49,730","36,623",0,"32,513,647",0,,
2020-11-18,660,630,"12,799",0,"50,390","37,253",0,"32,512,357",0,,
2020-11-19,"1,290",878,"13,207",0,"51,680","38,131",0,"32,510,189",0,,
2020-11-20,958,956,"13,206",0,"52,638","39,087",0,"32,508,275",0,,
2020-11-21,"1,041","1,405","12,838",0,"53,679","40,492",0,"32,505,829",0,,
2020-11-22,"1,096","1,104","12,826",0,"54,775","41,596",0,"32,503,629",0,,
2020-11-23,"1,884",883,"13,823",0,"56,659","42,479",0,"32,500,862",0,,
2020-11-24,"2,188","1,673","14,338",0,"58,847","44,152",0,"32,497,001",0,,
2020-11-25,970,"2,348","12,956",0,"59,817","46,500",0,"32,493,683",0,,
2020-11-26,935,"2,555","11,333",0,"60,752","49,055",0,"32,490,193",0,,
2020-11-27,"1,109","1,148","11,292",0,"61,861","50,203",0,"32,487,936",0,,
2020-11-28,"1,315","1,110","11,492",0,"63,176","51,313",0,"32,485,511",0,,
2020-11-29,"1,309","1,333","11,462",0,"64,485","52,646",0,"32,482,869",0,,
2020-11-30,"1,212","2,112","10,556",0,"65,697","54,758",0,"32,479,545",0,,
2020-12-01,"1,472","1,552","10,476",0,"67,169","56,310",0,"32,476,521",0,,
2020-12-02,851,658,"10,663",0,"68,020","56,968",0,"32,475,012",0,,
2020-12-03,"1,075",948,"10,789",0,"69,095","57,916",0,"32,472,989",0,,
2020-12-04,"1,141","1,144","10,785",0,"70,236","59,060",0,"32,470,704",0,,
2020-12-05,"1,123","1,143","10,761",0,"71,359","60,203",0,"32,468,438",0,,
2020-12-06,"1,335","1,069","11,025",0,"72,694","61,272",0,"32,466,034",0,,
2020-12-07,"1,600","1,033","11,588",0,"74,294","62,305",0,"32,463,401",0,,
2020-12-08,"1,012","1,750","10,844",0,"75,306","64,055",0,"32,460,639",0,,
2020-12-09,959,"1,068","10,732",0,"76,265","65,123",0,"32,458,612",0,,
2020-12-10,"2,234","1,112","11,846",0,"78,499","66,235",0,"32,455,266",0,,
2020-12-11,"1,810",937,"12,713",0,"80,309","67,172",0,"32,452,519",0,,
2020-12-12,"1,937",911,"13,733",0,"82,246","68,083",0,"32,449,671",0,,
2020-12-13,"1,229","1,309","13,651",0,"83,475","69,392",0,"32,447,133",0,,
2020-12-14,"1,371","1,204","13,817",0,"84,846","70,596",0,"32,444,558",0,,
2020-12-15,"1,772","1,084","14,500",0,"86,618","71,680",0,"32,441,702",0,,
2020-12-16,"1,295","1,052","14,740",0,"87,913","72,732",0,"32,439,355",0,,
2020-12-17,"1,220","1,297","14,659",0,"89,133","74,029",0,"32,436,838",0,,
2020-12-18,"1,683","1,214","15,126",0,"90,816","75,243",0,"32,433,941",0,,
2020-12-19,"1,153",998,"15,277",0,"91,969","76,241",0,"32,431,790",0,,
2020-12-20,"1,340","1,067","15,546",0,"93,309","77,308",0,"32,429,383",0,,
2020-12-21,"2,018","1,084","16,478",0,"95,327","78,392",0,"32,426,281",0,,
2020-12-22,"2,062",911,"17,624",0,"97,389","79,303",0,"32,423,308",0,,
2020-12-23,"1,348",710,"18,259",0,"98,737","80,013",0,"32,421,250",0,,
2020-12-24,"1,581","1,085","18,745",0,"100,318","81,098",0,"32,418,584",0,,
2020-12-25,"1,247","1,441","18,547",0,"101,565","82,539",0,"32,415,896",0,,
2020-12-26,"2,335",874,"20,000",0,"103,900","83,413",0,"32,412,687",0,,
2020-12-27,"1,196",997,"20,198",0,"105,096","84,410",0,"32,410,494",0,,
2020-12-28,"1,594","1,181","20,602",0,"106,690","85,591",0,"32,407,719",0,,
2020-12-29,"1,925","1,123","21,401",0,"108,615","86,714",0,"32,404,671",0,,
2020-12-30,"1,870",745,"22,517",0,"110,485","87,459",0,"32,402,056",0,,
2020-12-31,"2,525","1,481","23,554",0,"113,010","88,940",0,"32,398,050",0,,
2021-01-01,"2,068","2,230","23,380",0,"115,078","91,170",0,"32,393,752",0,,
2021-01-02,"2,295","3,321","22,345",0,"117,373","94,491",0,"32,388,136",0,,
2021-01-03,"1,704","2,726","21,315",0,"119,077","97,217",0,"32,383,706",0,,
2021-01-04,"1,741","1,010","22,036",0,"120,818","98,227",0,"32,380,955",0,,
2021-01-05,"2,027","1,221","22,832",0,"122,845","99,448",0,"32,377,707",0,,
2021-01-06,"2,593","1,129","24,279",0,"125,438","100,577",0,"32,373,985",0,,
2021-01-07,"3,027","2,145","25,155",0,"128,465","102,722",0,"32,368,813",0,,
2021-01-08,"2,643","2,708","25,078",0,"131,108","105,430",0,"32,363,462",0,,
2021-01-09,"2,451","1,401","26,120",0,"133,559","106,831",0,"32,359,610",0,,
2021-01-10,"2,433","1,277","27,264",0,"135,992","108,108",0,"32,355,900",0,,
2021-01-11,"2,232","1,006","28,487",0,"138,224","109,114",0,"32,352,662",0,,
2021-01-12,"3,309","1,469","30,317",0,"141,533","110,583",0,"32,347,884",0,,
2021-01-13,"2,985",994,"32,299",0,"144,518","111,577",0,"32,343,905",0,,
2021-01-14,"3,337","1,710","33,913",0,"147,855","113,287",0,"32,338,858",0,,
2021-01-15,"3,211","1,939","35,171",0,"151,066","115,226",0,"32,333,708",0,,
2021-01-16,"4,029","2,148","37,037",0,"155,095","117,374",0,"32,327,531",0,,
2021-01-17,"3,339","2,676","37,689",0,"158,434","120,050",0,"32,321,516",0,,
2021-01-18,"3,306","2,293","38,686",0,"161,740","122,343",0,"32,315,917",0,,
2021-01-19,"3,631","2,944","39,363",0,"165,371","125,287",0,"32,309,342",0,,
2021-01-20,"4,008","2,374","40,977",0,"169,379","127,661",0,"32,302,960",0,,
2021-01-21,"3,170","2,490","41,642",0,"172,549","130,151",0,"32,297,300",0,,
2021-01-22,"3,631","2,554","42,703",0,"176,180","132,705",0,"32,291,115",0,,
2021-01-23,"4,275","4,313","42,650",0,"180,455","137,018",0,"32,282,527",0,,
2021-01-24,"3,346","4,427","41,558",0,"183,801","141,445",0,"32,274,754",0,,
2021-01-25,"3,048","3,638","40,952",0,"186,849","145,083",0,"32,268,068",0,,
2021-01-26,"3,585","4,076","40,441",0,"190,434","149,159",0,"32,260,407",0,,
2021-01-27,"3,680","1,858","42,247",0,"194,114","151,017",0,"32,254,869",0,,
2021-01-28,"4,094","3,281","43,047",0,"198,208","154,298",0,"32,247,494",0,,
2021-01-29,"5,725","3,423","45,330",0,"203,933","157,721",0,"32,238,346",0,,
2021-01-30,"5,728","3,805","47,240",0,"209,661","161,526",0,"32,228,813",0,,
2021-01-31,"5,298","4,522","47,998",0,"214,959","166,048",0,"32,218,993",0,,
2021-02-01,"4,214","4,280","47,917",0,"219,173","170,328",0,"32,210,499",0,,
2021-02-02,"3,455","3,661","47,697",0,"222,628","173,989",0,"32,203,383",0,,
2021-02-03,"4,284","3,804","48,157",0,"226,912","177,793",0,"32,195,295",0,,
2021-02-04,"4,571","4,092","48,614",0,"231,483","181,885",0,"32,186,632",0,,
2021-02-05,"3,391","3,392","48,605",0,"234,874","185,277",0,"32,179,849",0,,
2021-02-06,"3,847","1,692","50,744",0,"238,721","186,969",0,"32,174,310",0,,
2021-02-07,"3,731","3,369","51,094",0,"242,452","190,338",0,"32,167,210",0,,
2021-02-08,"3,100","2,340","51,831",0,"245,552","192,678",0,"32,161,770",0,,
2021-02-09,"2,764","3,887","50,695",0,"248,316","196,565",0,"32,155,119",0,,
2021-02-10,"3,288","1,929","52,043",0,"251,604","198,494",0,"32,149,902",0,,
2021-02-11,"3,384","3,774","51,640",0,"254,988","202,268",0,"32,142,744",0,,
2021-02-12,"3,318","3,505","51,447",0,"258,306","205,773",0,"32,135,921",0,,
2021-02-13,"3,499","3,515","51,416",0,"261,805","209,288",0,"32,128,907",0,,
2021-02-14,"2,464","4,525","49,346",0,"264,269","213,813",0,"32,121,918",0,,
2021-02-15,"2,176","4,521","46,987",0,"266,445","218,334",0,"32,115,221",0,,
2021-02-16,"2,720","5,718","43,976",0,"269,165","224,052",0,"32,106,783",0,,
2021-02-17,"2,998","5,709","41,258",0,"272,163","229,761",0,"32,098,076",0,,
2021-02-18,"2,712","5,320","38,643",0,"274,875","235,081",0,"32,090,044",0,,
2021-02-19,"2,936","4,889","36,681",0,"277,811","239,970",0,"32,082,219",0,,
2021-02-20,"2,461","4,782","34,352",0,"280,272","244,752",0,"32,074,976",0,,
2021-02-21,"3,297","4,456","33,188",0,"283,569","249,208",0,"32,067,223",0,,
2021-02-22,"2,192","3,414","31,956",0,"285,761","252,622",0,"32,061,617",0,,
2021-02-23,"2,468","4,055","30,359",0,"288,229","256,677",0,"32,055,094",0,,
2021-02-24,"3,545","3,331","30,568",3,"291,774","260,008",3,"32,048,215",0.00000009,Min,-0.08233
2021-02-25,"1,924","3,752","28,734",2,"293,698","263,760",5,"32,042,537",0.00000006,Max,0.05096
2021-02-26,"2,253","3,085","27,899",3,"295,951","266,845",8,"32,037,196",0.00000009,Amean,0.00211
2021-02-27,"2,364","3,320","26,933",6,"298,315","270,165",14,"32,031,506",0.00000019,1Q,0
2021-02-28,"2,437","3,251","26,114",6,"300,752","273,416",20,"32,025,812",0.00000019,2Q,0
2021-03-01,"1,828","2,486","25,452",6,"302,580","275,902",26,"32,021,492",0.00000019,3Q,0.00188
2021-03-02,"1,555","2,528","24,470",5,"304,135","278,430",31,"32,017,404",0.00000016,,
2021-03-03,"1,745","2,276","23,935",6,"305,880","280,706",37,"32,013,377",0.00000019,,
2021-03-04,"2,063","2,922","23,073",17,"307,943","283,628",54,"32,008,375",0.00000053,,
2021-03-05,"2,154","3,275","21,944",6,"310,097","286,903",60,"32,002,940",0.00000019,,
2021-03-06,"1,680","2,548","21,072",3,"311,777","289,451",63,"31,998,709",0.00000009,,
2021-03-07,"1,683","2,506","20,244",6,"313,460","291,957",69,"31,994,514",0.00000019,,
2021-03-08,"1,529","2,076","19,691",15,"314,989","294,033",84,"31,990,894",0.00000047,,
2021-03-09,"1,280","2,345","18,618",63,"316,269","296,378",147,"31,987,206",0.00000197,,
2021-03-10,"1,448","2,137","17,922",11,"317,717","298,515",158,"31,983,610",0.00000034,,
2021-03-11,"1,647","2,104","17,461",9,"319,364","300,619",167,"31,979,850",0.00000028,,
2021-03-12,"1,575","2,042","16,991",10,"320,939","302,661",177,"31,976,223",0.00000031,,
2021-03-13,"1,470","1,830","16,628",3,"322,409","304,491",180,"31,972,920",0.00000009,,
2021-03-14,"1,354","1,782","16,196",5,"323,763","306,273",185,"31,969,779",0.00000016,,
2021-03-15,"1,208","1,973","15,427",3,"324,971","308,246",188,"31,966,595",0.00000009,,
2021-03-16,"1,063","1,365","15,122",6,"326,034","309,611",194,"31,964,161",0.00000019,,
2021-03-17,"1,219","1,346","14,993",63,"327,253","310,957",257,"31,961,533",0.00000197,,
2021-03-18,"1,213","1,503","14,702",798,"328,466","312,460","1,055","31,958,019",0.00002497,,
2021-03-19,"1,576","1,996","14,281","3,834","330,042","314,456","4,889","31,950,613",0.00012,,
2021-03-20,"1,671","1,585","14,362","6,108","331,713","316,041","10,997","31,941,249",0.00019123,,
2021-03-21,"1,327","1,247","14,437","5,849","333,040","317,288","16,846","31,932,826",0.00018317,,
2021-03-22,"1,116","1,495","14,056","14,581","334,156","318,783","31,427","31,915,634",0.00045686,,
2021-03-23,"1,384","1,058","14,380","20,875","335,540","319,841","52,302","31,892,317",0.00065455,,
2021-03-24,"1,268","1,083","14,561","22,824","336,808","320,924","75,126","31,867,142",0.00071622,,
2021-03-25,"1,360","1,491","14,428","19,370","338,168","322,415","94,496","31,844,921",0.00060826,,
2021-03-26,"1,275","1,509","14,193","12,814","339,443","323,924","107,310","31,829,323",0.00040258,,
2021-03-27,"1,199","1,257","14,127","14,442","340,642","325,181","121,752","31,812,425",0.00045397,,
2021-03-28,"1,302","1,127","14,298","12,933","341,944","326,308","134,685","31,797,063",0.00040674,,
2021-03-29,941,"1,097","14,138","27,380","342,885","327,405","162,065","31,767,645",0.00086188,,
2021-03-30,"1,133","1,148","14,117","29,410","344,018","328,553","191,475","31,735,954",0.00092671,,
2021-03-31,"1,482","1,070","14,520","27,524","345,500","329,623","218,999","31,705,878",0.0008681,,
2021-04-01,"1,178","1,377","14,318","26,564","346,678","331,000","245,563","31,676,759",0.0008386,,
2021-04-02,"1,294","1,442","14,168","22,906","347,972","332,442","268,469","31,651,117",0.0007237,,
2021-04-03,"1,638","1,449","14,352","14,748","349,610","333,891","283,217","31,633,282",0.00046622,,
2021-04-04,"1,349","1,270","14,425","9,163","350,959","335,161","292,380","31,621,500",0.00028977,,
2021-04-05,"1,070","1,294","14,197","19,511","352,029","336,455","311,891","31,599,625",0.00061744,,
2021-04-06,"1,300","1,412","14,082","21,706","353,329","337,867","333,597","31,575,207",0.00068744,,
2021-04-07,"1,139","1,199","14,020","18,325","354,468","339,066","351,922","31,554,544",0.00058074,,
2021-04-08,"1,285","1,175","14,124","14,811","355,753","340,241","366,733","31,537,273",0.00046963,,
2021-04-09,"1,854","1,247","14,724","14,393","357,607","341,488","381,126","31,519,779",0.00045663,,
2021-04-10,"1,510","1,248","14,983","10,070","359,117","342,736","391,196","31,506,951",0.00031961,,
2021-04-11,"1,739","1,216","15,500","10,718","360,856","343,952","401,914","31,493,278",0.00034033,,
2021-04-12,"1,317","1,052","15,754","13,964","362,173","345,004","415,878","31,476,945",0.00044363,,
2021-04-13,"1,767","1,290","16,226","7,700","363,940","346,294","423,578","31,466,188",0.00024471,,
2021-04-14,"1,889","1,485","16,625","7,749","365,829","347,779","431,327","31,455,065",0.00024635,,
2021-04-15,"2,148","1,259","17,510","9,171","367,977","349,038","440,498","31,442,487",0.00029168,,
2021-04-16,"2,551","1,524","18,531","3,926","370,528","350,562","444,424","31,434,486",0.00012489,,
2021-04-17,"2,331","1,832","19,019","1,113","372,859","352,394","445,537","31,429,210",0.00003541,,
2021-04-18,"2,195","1,427","19,779","3,766","375,054","353,821","449,303","31,421,822",0.00011985,,
2021-04-19,"2,078","1,402","20,445","8,493","377,132","355,223","457,796","31,409,849",0.00027039,,
2021-04-20,"2,341","1,592","21,184","11,292","379,473","356,815","469,088","31,394,624",0.00035968,,
2021-04-21,"2,340","1,910","21,605","11,876","381,813","358,725","480,964","31,378,498",0.00037848,,
2021-04-22,"2,875","2,541","21,933","15,188","384,688","361,266","496,152","31,357,894",0.00048434,,
2021-04-23,"2,847","2,341","22,424","6,694","387,535","363,607","502,846","31,346,012",0.00021355,,
2021-04-24,"2,717","2,292","22,841","3,491","390,252","365,899","506,337","31,337,512",0.0001114,,
2021-04-25,"2,690","1,853","23,657","5,737","392,942","367,752","512,074","31,327,232",0.00018313,,
2021-04-26,"2,776","1,803","24,616","8,944","395,718","369,555","521,018","31,313,709",0.00028563,,
2021-04-27,"2,733","2,019","25,319","11,882","398,451","371,574","532,900","31,297,075",0.00037965,,
2021-04-28,"3,142","1,822","26,625","13,240","401,593","373,396","546,140","31,278,871",0.00042329,,
2021-04-29,"3,332","1,943","27,992","6,068","404,925","375,339","552,208","31,267,528",0.00019407,,
2021-04-30,"3,788","2,640","29,119","8,921","408,713","377,979","561,129","31,252,179",0.00028545,,
2021-05-01,"2,881","2,462","29,522","2,571","411,594","380,441","563,700","31,244,265",0.00008229,,
2021-05-02,"3,418","2,698","30,222","8,124","415,012","383,139","571,824","31,230,025",0.00026013,,
2021-05-03,"2,500","2,068","30,631","26,749","417,512","385,207","598,573","31,198,708",0.00085738,,
2021-05-04,"3,120","2,334","31,403","19,703","420,632","387,541","618,276","31,173,551",0.00063204,,
2021-05-05,"3,744","2,304","32,812","22,910","424,376","389,845","641,186","31,144,593",0.0007356,,
2021-05-06,"3,551","2,709","33,626","18,789","427,927","392,554","659,975","31,119,544",0.00060377,,
2021-05-07,"4,498","3,449","34,644","15,493","432,425","396,003","675,468","31,096,104",0.00049823,,
2021-05-08,"4,519","2,719","36,415","8,447","436,944","398,722","683,915","31,080,419",0.00027178,,
2021-05-09,"3,733","3,211","36,916","6,607","440,677","401,933","690,522","31,066,868",0.00021267,,
2021-05-10,"3,807","3,454","37,234","24,877","444,484","405,387","715,399","31,034,730",0.00080159,,
2021-05-11,"3,973","2,848","38,315","18,462","448,457","408,235","733,861","31,009,447",0.00059537,,
2021-05-12,"4,765","3,124","39,906","7,830","453,222","411,359","741,691","30,993,728",0.00025263,,
2021-05-13,"4,855","3,347","41,376",10,"458,077","414,706","741,701","30,985,516",0.00000032,,
2021-05-14,"4,113","4,190","41,254",9,"462,190","418,896","741,710","30,977,204",0.00000029,,
2021-05-15,"4,140","3,432","41,914",604,"466,330","422,328","742,314","30,969,028",0.0000195,,
2021-05-16,"3,780","3,990","41,660",334,"470,110","426,318","742,648","30,960,924",0.00001079,,
2021-05-17,"4,446","2,784","43,271","28,214","474,556","429,102","770,862","30,925,480",0.00091232,,
2021-05-18,"4,865","3,497","44,581","32,405","479,421","432,599","803,267","30,884,713",0.00104922,,
2021-05-19,"6,075","3,516","47,087","34,153","485,496","436,115","837,420","30,840,969",0.00110739,,
2021-05-20,"6,806","3,916","49,931","22,007","492,302","440,031","859,427","30,808,240",0.00071432,,
2021-05-21,"6,493","4,508","51,855","18,910","498,795","444,539","878,337","30,778,329",0.00061439,,
2021-05-22,"6,320","4,694","53,396","3,369","505,115","449,233","881,706","30,763,946",0.00010951,,
2021-05-23,"6,976","3,587","56,716","8,430","512,091","452,820","890,136","30,744,953",0.00027419,,
2021-05-24,"6,509","3,452","59,707","26,158","518,600","456,272","916,294","30,708,834",0.00085181,,
2021-05-25,"7,289","3,789","63,133","30,802","525,889","460,061","947,096","30,666,954",0.0010044,,
2021-05-26,"7,478","4,665","65,855","1,912","533,367","464,726","949,008","30,652,899",0.00006238,,
2021-05-27,"7,857","4,598","69,051","49,675","541,224","469,324","998,683","30,590,769",0.00162386,,
2021-05-28,"8,290","4,814","72,422","27,630","549,514","474,138","1,026,313","30,550,035",0.00090442,,
2021-05-29,"9,020","5,527","75,840","15,082","558,534","479,665","1,041,395","30,520,406",0.00049416,,
2021-05-30,"6,999","5,121","77,609","24,442","565,533","484,786","1,065,837","30,483,844",0.0008018,,
2021-05-31,"6,824","5,251","79,085","28,728","572,357","490,037","1,094,565","30,443,041",0.00094366,,
2021-06-01,"7,105","6,083","80,013","24,471","579,462","496,120","1,119,036","30,405,382",0.00080482,,
2021-06-02,"7,703","5,777","81,852","9,903","587,165","501,897","1,128,939","30,381,999",0.00032595,,
2021-06-03,"8,209","7,049","82,902","7,886","595,374","508,946","1,136,825","30,358,855",0.00025976,,
2021-06-04,"7,748","6,624","83,943","4,992","603,122","515,570","1,141,817","30,339,491",0.00016454,,
2021-06-05,"7,452","6,105","85,200","1,405","610,574","521,675","1,143,222","30,324,529",0.00004633,,
2021-06-06,"6,241","5,133","86,229","1,620","616,815","526,808","1,144,842","30,311,535",0.00005345,,
2021-06-07,"5,271","7,548","83,868","5,107","622,086","534,356","1,149,949","30,293,609",0.00016858,,
2021-06-08,"5,566","6,962","82,399","46,444","627,652","541,318","1,196,393","30,234,637",0.00153612,,
2021-06-09,"6,239","7,386","81,159","40,817","633,891","548,704","1,237,210","30,180,195",0.00135244,,
2021-06-10,"5,671","7,325","79,437","47,512","639,562","556,029","1,284,722","30,119,687",0.00157744,,
2021-06-11,"6,849","7,749","78,471","30,302","646,411","563,778","1,315,024","30,074,787",0.00100755,,
2021-06-12,"5,793","8,334","75,847","34,210","652,204","572,112","1,349,234","30,026,450",0.00113933,,
2021-06-13,"5,304","8,163","72,915","27,022","657,508","580,275","1,376,256","29,985,961",0.00090116,,
2021-06-14,"4,949","6,588","71,185","55,973","662,457","586,863","1,432,229","29,918,451",0.00187085,,
2021-06-15,"5,419","6,831","69,694","56,267","667,876","593,694","1,488,496","29,849,934",0.001885,,
2021-06-16,"5,150","7,240","67,523","8,303","673,026","600,934","1,496,799","29,829,241",0.00027835,,
2021-06-17,"5,738","7,530","65,650","44,463","678,764","608,464","1,541,262","29,771,510",0.00149347,,
2021-06-18,"6,440","6,861","65,148","32,780","685,204","615,325","1,574,042","29,725,429",0.00110276,,
2021-06-19,"5,911","6,918","64,074","36,348","691,115","622,243","1,610,390","29,676,252",0.00122482,,
2021-06-20,"5,293","5,941","63,351","24,254","696,408","628,184","1,634,644","29,640,764",0.00081827,,
2021-06-21,"4,611","5,439","62,442","54,795","701,019","633,623","1,689,439","29,575,919",0.00185269,,
2021-06-22,"4,743","5,557","61,540","61,078","705,762","639,180","1,750,517","29,504,541",0.00207012,,
2021-06-23,"5,244","6,372","60,328","80,198","711,006","645,552","1,830,715","29,412,727",0.00272664,,
2021-06-24,"5,841","5,411","60,677","94,859","716,847","650,963","1,925,574","29,306,616",0.00323678,,
2021-06-25,"5,812","6,775","59,636","68,318","722,659","657,738","1,993,892","29,225,711",0.0023376,,
2021-06-26,"5,803","5,193","60,158","56,406","728,462","662,931","2,050,298","29,158,309",0.00193447,,
2021-06-27,"5,586","4,777","60,895","66,245","734,048","667,708","2,116,543","29,081,701",0.00227789,,
2021-06-28,"5,218","4,744","61,278","43,672","739,266","672,452","2,160,215","29,028,067",0.00150447,,
2021-06-29,"6,437","5,298","62,326","85,543","745,703","677,750","2,245,758","28,930,789",0.00295682,,
2021-06-30,"6,276","4,929","63,563","96,849","751,979","682,679","2,342,607","28,822,735",0.00336016,,
2021-07-01,"6,988","5,580","64,873","86,618","758,967","688,259","2,429,225","28,723,549",0.00301557,,
2021-07-02,"6,982","6,278","65,470","70,738","765,949","694,537","2,499,963","28,639,551",0.00246994,,
2021-07-03,"6,658","5,677","66,333","79,437","772,607","700,214","2,579,400","28,547,779",0.0027826,,
2021-07-04,"6,045","5,271","66,993","80,870","778,652","705,485","2,660,270","28,455,593",0.00284197,,
2021-07-05,"6,387","4,532","68,748","121,527","785,039","710,017","2,781,797","28,323,147",0.00429073,,
2021-07-06,"7,654","4,797","71,492","139,330","792,693","714,814","2,921,127","28,171,366",0.0049458,,
2021-07-07,"7,097","4,863","73,571","176,622","799,790","719,677","3,097,749","27,982,784",0.00631181,,
2021-07-08,"8,868","5,802","76,479","160,662","808,658","725,479","3,258,411","27,807,452",0.00577766,,
2021-07-09,"9,180","5,713","79,764","129,861","817,838","731,192","3,388,272","27,662,698",0.00469444,,
2021-07-10,"9,353","5,910","83,058","116,779","827,191","737,102","3,505,051","27,530,656",0.00424178,,
2021-07-11,"9,105","5,194","86,785","103,443","836,296","742,296","3,608,494","27,412,914",0.00377351,,
2021-07-12,"8,574","5,041","90,142","162,551","844,870","747,337","3,771,045","27,236,748",0.00596808,,
2021-07-13,"11,079","5,990","95,038","171,449","855,949","753,327","3,942,494","27,048,230",0.00633864,,
2021-07-14,"11,618","6,377","100,100","164,094","867,567","759,704","4,106,588","26,866,141",0.00610784,,
2021-07-15,"13,215","6,095","107,010","161,353","880,782","765,799","4,267,941","26,685,478",0.00604647,,
2021-07-16,"12,541","6,742","112,595","134,251","893,323","772,541","4,402,192","26,531,944",0.00505998,,
2021-07-17,"12,528","6,629","118,230","132,254","905,851","779,170","4,534,446","26,380,533",0.00501332,,
2021-07-18,"10,710","5,778","122,926","104,168","916,561","784,948","4,638,614","26,259,877",0.00396681,,
2021-07-19,"10,972","6,439","127,236","154,605","927,533","791,387","4,793,219","26,087,861",0.00592632,,
2021-07-20,"12,366","7,567","131,757","103,499","939,899","798,954","4,896,718","25,964,429",0.00398618,,
2021-07-21,"11,985","7,902","135,568","170,571","951,884","806,856","5,067,289","25,773,971",0.00661796,,
2021-07-22,"13,034","8,436","139,900","176,879","964,918","815,292","5,244,168","25,575,622",0.00691592,,
2021-07-23,"15,573","10,094","145,090","164,623","980,491","825,386","5,408,791","25,385,332",0.00648497,,
2021-07-24,"15,902","9,471","151,222","137,653","996,393","834,857","5,546,444","25,222,306",0.00545759,,
2021-07-25,"17,045","9,683","158,281","125,085","1,013,438","844,540","5,671,529","25,070,493",0.00498933,,
2021-07-26,"14,516","9,371","163,157","195,703","1,027,954","853,911","5,867,232","24,850,903",0.00787509,,
2021-07-27,"16,117","11,526","167,472","205,960","1,044,071","865,437","6,073,192","24,617,300",0.00836647,,
2021-07-28,"17,405","12,373","172,183","207,282","1,061,476","877,810","6,280,474","24,380,240",0.00850205,,
2021-07-29,"17,170","12,930","176,134","218,664","1,078,646","890,740","6,499,138","24,131,476",0.00906136,,
2021-07-30,"16,840","12,179","180,468","203,086","1,095,486","902,919","6,702,224","23,899,371",0.00849755,,
2021-07-31,"17,786","11,718","186,224","207,651","1,113,272","914,637","6,909,875","23,662,216",0.00877564,,
2021-08-01,"17,150","11,326","191,722","185,637","1,130,422","925,963","7,095,512","23,448,103",0.00791693,,
2021-08-02,"15,764","11,767","195,344","252,251","1,146,186","937,730","7,347,763","23,168,321",0.01088775,,
2021-08-03,"17,105","12,297","199,812","251,064","1,163,291","950,027","7,598,827","22,887,855",0.01096931,,
2021-08-04,"19,819","12,704","206,620","273,527","1,183,110","962,731","7,872,354","22,581,805",0.01211272,,
2021-08-05,"20,596","13,893","213,010","303,020","1,203,706","976,624","8,175,374","22,244,296",0.01362237,,
2021-08-06,"20,889","16,394","217,147","265,994","1,224,595","993,018","8,441,368","21,941,019",0.01212314,,
2021-08-07,"19,257","16,322","219,748","247,333","1,243,852","1,009,340","8,688,701","21,658,107",0.01141988,,
2021-08-08,"18,688","17,055","221,061","239,746","1,262,540","1,026,395","8,928,447","21,382,618",0.01121219,,
2021-08-09,"17,236","15,187","222,805","284,798","1,279,776","1,041,582","9,213,245","21,065,397",0.01351971,,
2021-08-10,"19,991","16,258","226,130","201,811","1,299,767","1,057,840","9,415,056","20,827,337",0.00968972,,
2021-08-11,"20,780","17,973","228,649","274,800","1,320,547","1,075,813","9,689,856","20,513,784",0.01339587,,
2021-08-12,"21,668","17,687","232,336","334,069","1,342,215","1,093,500","10,023,925","20,140,360",0.01658704,,
2021-08-13,"21,468","17,025","236,516","311,359","1,363,683","1,110,525","10,335,284","19,790,508",0.01573274,,
2021-08-14,"20,670","17,655","239,255","289,779","1,384,353","1,128,180","10,625,063","19,462,404",0.01488917,,
2021-08-15,"20,546","16,945","242,567","281,845","1,404,899","1,145,125","10,906,908","19,143,068",0.01472308,,
2021-08-16,"19,740","17,450","244,566","335,379","1,424,639","1,162,575","11,242,287","18,770,499",0.01786735,,
2021-08-17,"19,631","16,467","247,477","350,311","1,444,270","1,179,042","11,592,598","18,384,090",0.01905512,,
2021-08-18,"22,242","19,680","249,761","364,942","1,466,512","1,198,722","11,957,540","17,977,226",0.02030024,,
2021-08-19,"22,948","21,720","250,732","352,170","1,489,460","1,220,442","12,309,710","17,580,388",0.02003198,,
2021-08-20,"23,564","21,448","252,615","341,700","1,513,024","1,241,890","12,651,410","17,193,676",0.01987359,,
2021-08-21,"22,262","18,576","256,053","326,002","1,535,286","1,260,466","12,977,412","16,826,836",0.01937393,,
2021-08-22,"19,807","18,200","257,357","314,635","1,555,093","1,278,666","13,292,047","16,474,194",0.01909866,,
2021-08-23,"17,672","19,053","255,703","256,628","1,572,765","1,297,719","13,548,675","16,180,841",0.01585999,,
2021-08-24,"20,837","18,613","257,740","276,754","1,593,602","1,316,332","13,825,429","15,864,637",0.01744471,,
2021-08-25,"22,642","20,798","259,349","275,431","1,616,244","1,337,130","14,100,860","15,545,766",0.01771743,,
2021-08-26,"24,599","22,657","261,021","267,225","1,640,843","1,359,787","14,368,085","15,231,285",0.01754448,,
2021-08-27,"22,070","21,877","260,978","218,293","1,662,913","1,381,664","14,586,378","14,969,045",0.01458296,,
2021-08-28,"22,597","19,492","263,845","210,622","1,685,510","1,401,156","14,797,000","14,716,334",0.01431212,,
2021-08-29,"20,579","20,845","263,334","178,097","1,706,089","1,422,001","14,975,097","14,496,813",0.01228525,,
2021-08-30,"19,268","21,257","261,072","196,015","1,725,357","1,443,258","15,171,112","14,260,273",0.01374553,,
2021-08-31,"20,897","18,465","263,248","158,352","1,746,254","1,461,723","15,329,464","14,062,559",0.01126054,,
2021-09-01,"18,762","21,073","260,669","229,385","1,765,016","1,482,796","15,558,849","13,793,339",0.01663013,,
2021-09-02,"20,988","23,473","257,957","207,724","1,786,004","1,506,269","15,766,573","13,541,154",0.0153402,,
2021-09-03,"19,378","22,399","254,719","202,356","1,805,382","1,528,668","15,968,929","13,297,021",0.01521815,,
2021-09-04,"19,057","21,582","251,966","188,236","1,824,439","1,550,250","16,157,165","13,068,146",0.01440419,,
2021-09-05,"20,396","20,573","251,540","171,130","1,844,835","1,570,823","16,328,295","12,856,047",0.01331125,,
2021-09-06,"17,352","20,201","248,458","200,127","1,862,187","1,591,024","16,528,422","12,618,367",0.01585998,,
2021-09-07,"18,547","18,902","247,875","207,569","1,880,734","1,609,926","16,735,991","12,373,349",0.01677549,,
2021-09-08,"19,733","22,701","244,660","213,291","1,900,467","1,632,627","16,949,282","12,117,624",0.01760172,,
2021-09-09,"19,307","24,855","238,900","208,051","1,919,774","1,657,482","17,157,333","11,865,411",0.01753424,,
2021-09-10,"21,176","21,476","238,386","198,005","1,940,950","1,678,958","17,355,338","11,624,754",0.01703305,,
2021-09-11,"19,550","21,771","235,952","189,841","1,960,500","1,700,729","17,545,179","11,393,592",0.01666209,,
2021-09-12,"19,198","20,980","233,944","166,924","1,979,698","1,721,709","17,712,103","11,186,490",0.01492193,,
2021-09-13,"16,073","24,813","225,023","173,354","1,995,771","1,746,522","17,885,457","10,972,250",0.01579931,,
2021-09-14,"15,669","18,053","222,445","189,674","2,011,440","1,764,575","18,075,131","10,748,854",0.01764597,,
2021-09-15,"19,495","18,760","222,969","199,454","2,030,935","1,783,335","18,274,585","10,511,145",0.01897548,,
2021-09-16,"18,815","16,939","224,663","154,454","2,049,750","1,800,274","18,429,039","10,320,937",0.01496511,,
2021-09-17,"17,577","22,970","219,080","182,318","2,067,327","1,823,244","18,611,357","10,098,072",0.01805473,,
2021-09-18,"15,549","17,205","217,257","176,277","2,082,876","1,840,449","18,787,634","9,889,041",0.01782549,,
2021-09-19,"14,954","23,469","208,583","172,437","2,097,830","1,863,918","18,960,071","9,678,181",0.01781709,,
2021-09-20,"14,345","16,814","205,967","211,275","2,112,175","1,880,732","19,171,346","9,435,747",0.02239091,,
2021-09-21,"15,759","16,650","204,924","148,433","2,127,934","1,897,382","19,319,779","9,254,905",0.01603831,,
2021-09-22,"14,990","19,702","200,068","214,732","2,142,924","1,917,084","19,534,511","9,005,481",0.02384459,,
2021-09-23,"13,754","16,628","197,046","208,876","2,156,678","1,933,712","19,743,387","8,766,223",0.02382737,,
2021-09-24,"14,554","16,751","194,703","168,874","2,171,232","1,950,463","19,912,261","8,566,044",0.01971435,,
2021-09-25,"13,899","18,074","190,369","158,337","2,185,131","1,968,537","20,070,598","8,375,734",0.01890425,,
2021-09-26,"13,104","20,971","182,375","162,518","2,198,235","1,989,508","20,233,116","8,179,141",0.01986981,,
2021-09-27,"10,959","16,430","176,775","162,066","2,209,194","2,005,938","20,395,182","7,989,686",0.0202844,,
2021-09-28,"11,332","14,160","173,842","170,600","2,220,526","2,020,098","20,565,782","7,793,594",0.02188977,,
2021-09-29,"12,434","17,000","169,152","158,711","2,232,960","2,037,098","20,724,493","7,605,449",0.02086806,,
2021-09-30,"12,735","17,725","164,032","172,342","2,245,695","2,054,823","20,896,835","7,402,647",0.02328113,,
2021-10-01,"11,889","15,891","159,932","143,507","2,257,584","2,070,714","21,040,342","7,231,360",0.01984509,,
2021-10-02,"10,915","15,396","155,320","131,238","2,268,499","2,086,110","21,171,580","7,073,811",0.01855266,,
2021-10-03,"9,066","14,454","149,828","118,948","2,277,565","2,100,564","21,290,528","6,931,343",0.01716089,,
2021-10-04,"8,075","15,456","142,355","106,701","2,285,640","2,116,020","21,397,229","6,801,111",0.01568876,,
2021-10-05,"8,817","15,615","135,460","108,872","2,294,457","2,131,635","21,506,101","6,667,807",0.01632801,,
2021-10-06,"9,380","13,045","131,702","104,064","2,303,837","2,144,680","21,610,165","6,541,318",0.01590872,,
2021-10-07,"9,890","12,884","128,614","95,184","2,313,727","2,157,564","21,705,349","6,423,360",0.01481841,,
2021-10-08,"9,751","12,724","125,552","108,220","2,323,478","2,170,288","21,813,569","6,292,665",0.0171978,,
2021-10-09,"8,743","14,422","119,799","110,813","2,332,221","2,184,710","21,924,382","6,158,687",0.01799296,,
2021-10-10,"7,373","10,959","116,130","104,262","2,339,594","2,195,669","22,028,644","6,036,093",0.01727309,,
2021-10-11,"6,709","10,833","111,925","142,378","2,346,303","2,206,502","22,171,022","5,876,173",0.02422972,,
2021-10-12,"7,276","10,555","108,550","160,121","2,353,579","2,217,057","22,331,143","5,698,221",0.02810017,,
2021-10-13,"7,950","10,832","105,588","162,565","2,361,529","2,227,889","22,493,708","5,516,874",0.02946687,,
2021-10-14,"8,084","12,456","101,151","171,224","2,369,613","2,240,345","22,664,932","5,325,110",0.03215408,,
2021-10-15,"7,420","10,145","98,350","138,407","2,377,033","2,250,490","22,803,339","5,169,138",0.02677564,,
2021-10-16,"7,509","9,531","96,256","118,206","2,384,542","2,260,021","22,921,545","5,033,892",0.02348203,,
2021-10-17,"6,145","9,231","93,098","122,963","2,390,687","2,269,252","23,044,508","4,895,553",0.02511729,,
2021-10-18,"5,434","8,435","90,028","174,907","2,396,121","2,277,687","23,219,415","4,706,777",0.03716067,,
2021-10-19,"5,745","8,933","86,756","123,486","2,401,866","2,286,620","23,342,901","4,568,613",0.02702921,,
2021-10-20,"5,516","9,401","82,807","220,792","2,407,382","2,296,021","23,563,693","4,332,904",0.05095705,,
2021-10-21,"6,210","7,562","81,395","194,535","2,413,592","2,303,583","23,758,228","4,124,597",0.04716461,,
2021-10-22,"6,630","7,630","80,324","120,109","2,420,222","2,311,213","23,878,337","3,990,228",0.03010079,,
2021-10-23,"5,828","9,178","76,911","100,797","2,426,050","2,320,391","23,979,134","3,874,425",0.02601599,,
2021-10-24,"5,666","6,978","75,541","112,189","2,431,716","2,327,369","24,091,323","3,749,592",0.02992032,,
2021-10-25,"4,782","7,414","72,839","146,838","2,436,498","2,334,783","24,238,161","3,590,558",0.04089559,,
2021-10-26,"5,726","5,607","72,903","141,886","2,442,224","2,340,390","24,380,047","3,437,339",0.04127786,,
2021-10-27,"6,148","7,595","71,390","128,575","2,448,372","2,347,985","24,508,622","3,295,021",0.039021,,
2021-10-28,"6,377","6,637","71,075","120,900","2,454,749","2,354,622","24,629,522","3,161,107",0.0382461,,
2021-10-29,"6,060","7,297","69,779","84,524","2,460,809","2,361,919","24,714,046","3,063,226",0.02759313,,
2021-10-30,"5,854","6,715","68,860","51,947","2,466,663","2,368,634","24,765,993","2,998,710",0.01732312,,
2021-10-31,"4,979","6,127","67,675","44,073","2,471,642","2,374,761","24,810,066","2,943,531",0.01497283,,
2021-11-01,"4,626","5,299","66,945","58,431","2,476,268","2,380,060","24,868,497","2,875,175",0.02032259,,
2021-11-02,"5,071","5,372","66,596","59,155","2,481,339","2,385,432","24,927,652","2,805,577",0.02108479,,
2021-11-03,"5,291","4,947","66,885","45,182","2,486,630","2,390,379","24,972,834","2,750,157",0.01642888,,
2021-11-04,"5,713","5,865","66,682","19,685","2,492,343","2,396,244","24,992,519","2,718,894",0.00724008,,
2021-11-05,"4,922","5,579","65,967","31,997","2,497,265","2,401,823","25,024,516","2,676,396",0.01195526,,
2021-11-06,"4,701","5,382","65,244","14,063","2,501,966","2,407,205","25,038,579","2,652,250",0.00530229,,
2021-11-07,"4,343","5,190","64,338","14,841","2,506,309","2,412,395","25,053,420","2,627,876",0.00564753,,
2021-11-08,"4,543","7,348","61,480","45,855","2,510,852","2,419,743","25,099,275","2,570,130",0.01784151,,
2021-11-09,"5,403","5,311","61,520","31,913","2,516,255","2,425,054","25,131,188","2,527,503",0.0126263,,
2021-11-10,"6,243","5,068","62,655","40,076","2,522,498","2,430,122","25,171,264","2,476,116",0.01618503,,
2021-11-11,"6,323","5,337","63,592","45,345","2,528,821","2,435,459","25,216,609","2,419,111",0.01874449,,
2021-11-12,"6,517","6,026","64,035","35,086","2,535,338","2,441,485","25,251,695","2,371,482",0.01479497,,
2021-11-13,"5,809","4,712","65,088","16,678","2,541,147","2,446,197","25,268,373","2,344,283",0.00711433,,
2021-11-14,"5,162","5,019","65,193","11,583","2,546,309","2,451,216","25,279,956","2,322,519",0.00498726,,
2021-11-15,"5,143","4,551","65,741","27,738","2,551,452","2,455,767","25,307,694","2,285,087",0.01213871,,
2021-11-16,"5,413","6,013","65,095","26,909","2,556,865","2,461,780","25,334,603","2,246,752",0.01197684,,
2021-11-17,"6,288","4,743","66,579","21,549","2,563,153","2,466,523","25,356,152","2,214,172",0.00973231,,
2021-11-18,"6,380","5,760","67,164","21,815","2,569,533","2,472,283","25,377,967","2,180,217",0.01000588,,
2021-11-19,"6,355","5,031","68,443","18,006","2,575,888","2,477,314","25,395,973","2,150,825",0.00837167,,
2021-11-20,"5,859","4,970","69,294","6,683","2,581,747","2,482,284","25,402,656","2,133,313",0.00313269,,
2021-11-21,"4,854","5,525","68,577","5,286","2,586,601","2,487,809","25,407,942","2,117,648",0.00249617,,
2021-11-22,"4,885","5,628","67,793","12,512","2,591,486","2,493,437","25,420,454","2,094,623",0.00597339,,
2021-11-23,"5,594","4,908","68,430","11,150","2,597,080","2,498,345","25,431,604","2,072,971",0.00537875,,
2021-11-24,"5,755","5,082","69,060","9,113","2,602,835","2,503,427","25,440,717","2,053,021",0.00443882,,
2021-11-25,"6,144","6,602","68,552","6,433","2,608,979","2,510,029","25,447,150","2,033,842",0.00316298,,
2021-11-26,"5,501","6,664","67,346","7,074","2,614,480","2,516,693","25,454,224","2,014,603",0.00351136,,
2021-11-27,"5,097","5,352","67,045","5,629","2,619,577","2,522,045","25,459,853","1,998,525",0.00281658,,
2021-11-28,"4,239","5,007","66,239","3,832","2,623,816","2,527,052","25,463,685","1,985,447",0.00193004,,
2021-11-29,"4,087","4,984","65,301","7,236","2,627,903","2,532,036","25,470,921","1,969,140",0.0036747,,
2021-11-30,"4,879","5,168","64,978","9,185","2,632,782","2,537,204","25,480,106","1,949,908",0.00471048,,
2021-12-01,"5,439","6,803","63,583","8,654","2,638,221","2,544,007","25,488,760","1,929,012",0.00448623,,
2021-12-02,"5,806","7,246","62,099","9,467","2,644,027","2,551,253","25,498,227","1,906,493",0.00496566,,
2021-12-03,"5,551","5,301","62,303","7,291","2,649,578","2,556,554","25,505,518","1,888,350",0.00386104,,
2021-12-04,"4,896","4,676","62,481","4,841","2,654,474","2,561,230","25,510,359","1,873,937",0.00258333,,
2021-12-05,"4,298","4,928","61,813","3,424","2,658,772","2,566,158","25,513,783","1,861,287",0.00183959,,
2021-12-06,"4,262","5,894","60,139","7,000","2,663,034","2,572,052","25,520,783","1,844,131",0.00379583,,
2021-12-07,"4,965","4,817","60,251","7,301","2,667,999","2,576,869","25,528,084","1,827,048",0.00399606,,
2021-12-08,"5,020","4,525","60,709","6,957","2,673,019","2,581,394","25,535,041","1,810,546",0.00384249,,
2021-12-09,"5,446","5,427","60,700","8,390","2,678,465","2,586,821","25,543,431","1,791,283",0.00468379,,
2021-12-10,"5,058","4,997","60,731","7,496","2,683,523","2,591,818","25,550,927","1,773,732",0.00422612,,
2021-12-11,"4,626","4,690","60,642","2,898","2,688,149","2,596,508","25,553,825","1,761,518",0.00164517,,
2021-12-12,"3,490","5,399","58,704","2,537","2,691,639","2,601,907","25,556,362","1,750,092",0.00144964,,
2021-12-13,"3,504","4,401","57,776","5,565","2,695,143","2,606,308","25,561,927","1,736,622",0.0032045,,
2021-12-14,"4,097","4,301","57,539","5,633","2,699,240","2,610,609","25,567,560","1,722,591",0.00327007,,
2021-12-15,"3,900","4,552","56,859","5,827","2,703,140","2,615,161","25,573,387","1,708,312",0.00341097,,
2021-12-16,"4,262","4,985","56,109","6,633","2,707,402","2,620,146","25,580,020","1,692,432",0.00391921,,
2021-12-17,"4,362","5,098","55,329","5,148","2,711,764","2,625,244","25,585,168","1,677,824",0.00306826,,
2021-12-18,"4,083","5,435","53,940","2,354","2,715,847","2,630,679","25,587,522","1,665,952",0.00141301,,
2021-12-19,"3,108","3,701","53,313","2,245","2,718,955","2,634,380","25,589,767","1,656,898",0.00135494,,
2021-12-20,"2,589","3,810","52,051","4,753","2,721,544","2,638,190","25,594,520","1,645,746",0.00288805,,
2021-12-21,"3,140","4,277","50,885","4,764","2,724,684","2,642,467","25,599,284","1,633,565",0.00291632,,
2021-12-22,"3,519","5,118","49,267","5,004","2,728,203","2,647,585","25,604,288","1,619,924",0.00308903,,
2021-12-23,"3,510","4,997","47,750","5,622","2,731,713","2,652,582","25,609,910","1,605,795",0.00350107,,
2021-12-24,"3,528","4,489","46,763","4,151","2,735,241","2,657,071","25,614,061","1,593,627",0.00260475,,
2021-12-25,"3,160","4,420","45,480","1,429","2,738,401","2,661,491","25,615,490","1,584,618",0.00090179,,
2021-12-26,"2,778","3,539","44,702","1,552","2,741,179","2,665,030","25,617,042","1,576,749",0.0009843,,
2021-12-27,"2,757","4,620","42,811","5,454","2,743,936","2,669,650","25,622,496","1,563,918",0.0034874,,
2021-12-28,"2,897","3,434","42,243","5,085","2,746,833","2,673,084","25,627,581","1,552,502",0.00327536,,
2021-12-29,"3,683","4,322","41,576","5,271","2,750,516","2,677,406","25,632,852","1,539,226",0.00342445,,
2021-12-30,"3,997","3,984","41,562","5,079","2,754,513","2,681,390","25,637,931","1,526,166",0.00332795,,
2021-12-31,"3,573","3,988","41,130","4,712","2,758,086","2,685,378","25,642,643","1,513,893",0.00311251,,
2022-01-01,"3,386","3,547","40,943",886,"2,761,472","2,688,925","25,643,529","1,506,074",0.00058828,,
2022-01-02,"2,882","3,291","40,516","1,525","2,764,354","2,692,216","25,645,054","1,498,376",0.00101777,,
2022-01-03,"2,690","3,535","39,651","4,164","2,767,044","2,695,751","25,649,218","1,487,987",0.00279841,,
2022-01-04,"2,842","2,862","39,615","4,274","2,769,886","2,698,613","25,653,492","1,478,009",0.00289173,,
2022-01-05,"3,270","3,195","39,664","4,342","2,773,156","2,701,808","25,657,834","1,467,202",0.00295937,,
2022-01-06,"3,543","3,484","39,707","4,852","2,776,699","2,705,292","25,662,686","1,455,323",0.00333397,,
2022-01-07,"3,381","3,447","39,628","3,655","2,780,080","2,708,739","25,666,341","1,444,840",0.00252969,,
2022-01-08,"3,251","3,161","39,700","1,294","2,783,331","2,711,900","25,667,635","1,437,134",0.0009004,,
2022-01-09,"2,888","2,714","39,857","1,648","2,786,219","2,714,614","25,669,283","1,429,884",0.00115254,,
2022-01-10,"2,641","2,808","39,678","3,484","2,788,860","2,717,422","25,672,767","1,420,951",0.00245188,,
2022-01-11,"3,175","2,977","39,867","3,332","2,792,035","2,720,399","25,676,099","1,411,467",0.00236066,,
2022-01-12,"3,198","3,200","39,846","3,441","2,795,233","2,723,599","25,679,540","1,401,628",0.002455,,
2022-01-13,"3,684","3,292","40,217","3,646","2,798,917","2,726,891","25,683,186","1,391,006",0.00262112,,
2022-01-14,"3,346","3,052","40,500","2,356","2,802,263","2,729,943","25,685,542","1,382,252",0.00170446,,
2022-01-15,"3,074","2,828","40,730",952,"2,805,337","2,732,771","25,686,494","1,375,398",0.00069216,,
2022-01-16,"3,010","2,584","41,142",911,"2,808,347","2,735,355","25,687,405","1,368,893",0.0006655,,
2022-01-17,"2,342","2,907","40,564","3,311","2,810,689","2,738,262","25,690,716","1,360,333",0.00243396,,
2022-01-18,"3,245","3,093","40,704","1,548","2,813,934","2,741,355","25,692,264","1,352,447",0.00114459,,
2022-01-19,"3,229","2,848","41,074","4,681","2,817,163","2,744,203","25,696,945","1,341,689",0.00348889,,
2022-01-20,"3,764","3,254","41,568","3,616","2,820,927","2,747,457","25,700,561","1,331,055",0.00271664,,
2022-01-21,"4,046","2,804","42,800","2,936","2,824,973","2,750,261","25,703,497","1,321,269",0.00222211,,
2022-01-22,"4,116","2,858","44,050",804,"2,829,089","2,753,119","25,704,301","1,313,491",0.00061211,,
2022-01-23,"3,856","2,814","45,078","1,113","2,832,945","2,755,933","25,705,414","1,305,708",0.00085241,,
2022-01-24,"3,214","3,116","45,164","2,967","2,836,159","2,759,049","25,708,381","1,296,411",0.00228863,,
2022-01-25,"4,066","3,559","45,666","2,895","2,840,225","2,762,608","25,711,276","1,285,891",0.00225136,,
2022-01-26,"4,744","3,646","46,752","2,664","2,844,969","2,766,254","25,713,940","1,274,837",0.00208968,,
2022-01-27,"5,439","4,409","47,771","2,884","2,850,408","2,770,663","25,716,824","1,262,105",0.00228507,,
2022-01-28,"5,522","3,285","49,995","2,765","2,855,930","2,773,948","25,719,589","1,250,533",0.00221106,,
2022-01-29,"5,139","3,767","51,358","1,006","2,861,069","2,777,715","25,720,595","1,240,621",0.00081088,,
2022-01-30,"4,915","3,056","53,209",853,"2,865,984","2,780,771","25,721,448","1,231,797",0.00069248,,
2022-01-31,"4,774","3,232","54,743","1,765","2,870,758","2,784,003","25,723,213","1,222,026",0.00144432,,
2022-02-01,"5,566","3,187","57,110",352,"2,876,324","2,787,190","25,723,565","1,212,921",0.00029021,,
2022-02-02,"5,736","3,196","59,638",503,"2,882,060","2,790,386","25,724,068","1,203,486",0.00041795,,
2022-02-03,"5,720","3,968","61,383","2,832","2,887,780","2,794,354","25,726,900","1,190,966",0.0023779,,
2022-02-04,"7,234","5,254","63,350","1,917","2,895,014","2,799,608","25,728,817","1,176,561",0.00162932,,
2022-02-05,"9,117","6,546","65,910",902,"2,904,131","2,806,154","25,729,719","1,159,996",0.00077759,,
2022-02-06,"10,089","6,460","69,520",850,"2,914,220","2,812,614","25,730,569","1,142,597",0.00074392,,
2022-02-07,"11,034","6,036","74,503","2,456","2,925,254","2,818,650","25,733,025","1,123,071",0.00218686,,
2022-02-08,"13,944","5,421","83,006","1,708","2,939,198","2,824,071","25,734,733","1,101,998",0.00154991,,
2022-02-09,"17,134","5,681","94,444","2,304","2,956,332","2,829,752","25,737,037","1,076,879",0.00213952,,
2022-02-10,"19,090","5,712","107,798","2,047","2,975,422","2,835,464","25,739,084","1,050,030",0.00194947,,
2022-02-11,"20,939","5,807","122,903","1,824","2,996,361","2,841,271","25,740,908","1,021,460",0.00178568,,
2022-02-12,"22,802","5,442","140,234",880,"3,019,163","2,846,713","25,741,788","992,336",0.0008868,,
2022-02-13,"21,072","5,724","155,546",852,"3,040,235","2,852,437","25,742,640","964,688",0.00088319,,
2022-02-14,"21,315","8,517","168,307","1,772","3,061,550","2,860,954","25,744,412","933,084",0.00189908,,
2022-02-15,"22,133","7,584","182,822","1,990","3,083,683","2,868,538","25,746,402","901,377",0.00220773,,
2022-02-16,"27,831","7,912","202,698","1,910","3,111,514","2,876,450","25,748,312","863,724",0.00221135,,
2022-02-17,"26,701","11,744","217,612","1,853","3,138,215","2,888,194","25,750,165","823,426",0.00225035,,
2022-02-18,"27,808","12,488","232,877","1,789","3,166,023","2,900,682","25,751,954","781,341",0.00228965,,
2022-02-19,"28,825","18,514","243,143",757,"3,194,848","2,919,196","25,752,711","733,245",0.0010324,,
2022-02-20,"26,832","18,459","251,468",570,"3,221,680","2,937,655","25,753,281","687,384",0.00082923,,
2022-02-21,"25,099","17,749","258,774","1,212","3,246,779","2,955,404","25,754,493","643,324",0.00188397,,
2022-02-22,"27,179","19,037","266,860",756,"3,273,958","2,974,441","25,755,249","596,352",0.00126771,,
2022-02-23,"31,199","20,399","277,605",655,"3,305,157","2,994,840","25,755,904","544,099",0.00120383,,
2022-02-24,"32,070","23,332","286,282","1,136","3,337,227","3,018,172","25,757,040","487,561",0.00232996,,
2022-02-25,"30,644","22,678","294,196","1,168","3,367,871","3,040,850","25,758,208","433,071",0.00269702,,
2022-02-26,"27,299","22,710","298,721",931,"3,395,170","3,063,560","25,759,139","382,131",0.00243634,,
2022-02-27,"24,466","22,380","300,742",853,"3,419,636","3,085,940","25,759,992","334,432",0.00255059,,
2022-02-28,"23,100","30,624","293,156","1,483","3,442,736","3,116,564","25,761,475","279,225",0.00531113,,
2022-03-01,"25,854","25,548","293,384","1,449","3,468,590","3,142,112","25,762,924","226,374",0.00640091,,
2022-03-02,"27,500","27,557","293,249","1,593","3,496,090","3,169,669","25,764,517","169,724",0.00938583,,
2022-03-03,"32,467","27,629","298,008","1,649","3,528,557","3,197,298","25,766,166","107,979",0.01527149,,
2022-03-04,"33,209","26,352","304,788","1,790","3,561,766","3,223,650","25,767,956","46,628",0.03838895,,
2022-03-05,"33,406","27,143","310,972","1,249","3,595,172","3,250,793","25,769,205","-15,170",-0.08233355,,
2022-03-06,"27,435","30,335","307,995","1,127","3,622,607","3,281,128","25,770,332","-74,067",-0.01521595,,
2022-03-07,"26,856","30,726","304,047","1,977","3,649,463","3,311,854","25,772,309","-133,626",-0.01479502,,
2022-03-08,"31,490","29,035","306,427","2,135","3,680,953","3,340,889","25,774,444","-196,286",-0.01087699,,
2022-03-09,"30,246","26,653","309,930","1,970","3,711,199","3,367,542","25,776,414","-255,155",-0.0077208,,
2022-03-10,"30,787","26,457","314,174","1,990","3,741,986","3,393,999","25,778,404","-314,389",-0.00632974,,
2022-03-11,"32,800","24,444","322,455","1,999","3,774,786","3,418,443","25,780,403","-373,632",-0.00535018,,
2022-03-12,"26,250","25,089","323,503","1,531","3,801,036","3,443,532","25,781,934","-426,502",-0.00358967,,
2022-03-13,"22,535","25,356","320,590","1,599","3,823,571","3,468,888","25,783,533","-475,992",-0.0033593,,
2022-03-14,"22,030","33,872","308,659","2,355","3,845,601","3,502,760","25,785,888","-534,249",-0.00440806,,
2022-03-15,"26,534","31,234","303,884","2,024","3,872,135","3,533,994","25,787,912","-594,041",-0.00340717,,
2022-03-16,"28,298","33,009","299,095","2,191","3,900,433","3,567,003","25,790,103","-657,539",-0.00333212,,
2022-03-17,"27,004","29,450","296,578","2,384","3,927,437","3,596,453","25,792,487","-716,377",-0.00332786,,
2022-03-18,"24,241","26,615","294,139","1,913","3,951,678","3,623,068","25,794,400","-769,146",-0.00248717,,
2022-03-19,"22,341","33,347","283,069","1,380","3,974,019","3,656,415","25,795,780","-826,214",-0.00167027,,
2022-03-20,"19,105","28,250","273,857","1,282","3,993,124","3,684,665","25,797,062","-874,851",-0.00146539,,
2022-03-21,"17,828","28,003","263,628","1,888","4,010,952","3,712,668","25,798,950","-922,570",-0.00204646,,
2022-03-22,"21,483","32,561","252,484","1,603","4,032,435","3,745,229","25,800,553","-978,217",-0.0016387,,
2022-03-23,"22,491","26,234","248,689","1,614","4,054,926","3,771,463","25,802,167","-1,028,556",-0.00156919,,
2022-03-24,"24,316","25,512","247,443","1,874","4,079,242","3,796,975","25,804,041","-1,080,258",-0.00173477,,
2022-03-25,"21,839","22,324","246,916","1,564","4,101,081","3,819,299","25,805,605","-1,125,985",-0.00138901,,
2022-03-26,"20,923","25,467","242,326","1,111","4,122,004","3,844,766","25,806,716","-1,173,486",-0.00094675,,
2022-03-27,"16,863","26,171","232,968",952,"4,138,867","3,870,937","25,807,668","-1,217,472",-0.00078195,,
2022-03-28,"13,336","25,552","220,702","1,923","4,152,203","3,896,489","25,809,591","-1,258,283",-0.00152827,,
2022-03-29,"15,215","24,154","211,730","1,810","4,167,418","3,920,643","25,811,401","-1,299,462",-0.00139288,,
2022-03-30,"15,941","21,186","206,450","1,626","4,183,359","3,941,829","25,813,027","-1,338,215",-0.00121505,,
2022-03-31,"18,560","18,253","206,717","2,170","4,201,919","3,960,082","25,815,197","-1,377,198",-0.00157566,,
2022-04-01,"17,476","17,321","206,832","2,978","4,219,395","3,977,403","25,818,175","-1,414,973",-0.00210463,,
2022-04-02,"14,692","20,383","201,117","6,098","4,234,087","3,997,786","25,824,273","-1,456,146",-0.00418777,,
2022-04-03,"12,380","20,635","192,832","10,850","4,246,467","4,018,421","25,835,123","-1,500,011",-0.00723328,,
2022-04-04,"10,002","23,302","179,501","9,184","4,256,469","4,041,723","25,844,307","-1,542,499",-0.00595397,,
2022-04-05,"12,017","20,431","171,061","9,450","4,268,486","4,062,154","25,853,757","-1,584,397",-0.00596441,,
2022-04-06,"12,105","21,029","162,114","12,516","4,280,591","4,083,183","25,866,273","-1,630,047",-0.00767831,,
2022-04-07,"11,994","16,603","157,486","16,159","4,292,585","4,099,786","25,882,432","-1,674,803",-0.0096483,,
2022-04-08,"14,944","14,045","158,372","21,727","4,307,529","4,113,831","25,904,159","-1,725,519",-0.01259157,,
2022-04-09,"10,177","15,132","153,399","30,390","4,317,706","4,128,963","25,934,549","-1,781,218",-0.01706136,,
2022-04-10,"8,112","15,765","145,730","30,296","4,325,818","4,144,728","25,964,845","-1,835,391",-0.01650656,,
2022-04-11,"7,739","19,049","134,398","33,895","4,333,557","4,163,777","25,998,740","-1,896,074",-0.01787641,,
2022-04-12,"9,002","16,986","126,397","35,080","4,342,559","4,180,763","26,033,820","-1,957,142",-0.0179241,,
2022-04-13,"10,052","15,893","120,542","36,789","4,352,611","4,196,656","26,070,609","-2,019,876",-0.01821349,,
2022-04-14,"10,413","13,202","117,736","44,582","4,363,024","4,209,858","26,115,191","-2,088,073",-0.02135079,,
2022-04-15,"9,673","14,267","113,124","41,826","4,372,697","4,224,125","26,157,017","-2,153,839",-0.01941928,,
2022-04-16,"9,705","14,346","108,473","63,882","4,382,402","4,238,471","26,220,899","-2,241,772",-0.02849621,,
2022-04-17,"6,623","11,233","103,856","47,886","4,389,025","4,249,704","26,268,785","-2,307,514",-0.0207522,,
2022-04-18,"7,140","14,423","96,560","43,062","4,396,165","4,264,127","26,311,847","-2,372,139",-0.01815324,,
2022-04-19,"6,069","10,619","92,003","37,522","4,402,234","4,274,746","26,349,369","-2,426,349",-0.01546439,,
2022-04-20,"6,968","8,267","90,695","47,244","4,409,202","4,283,013","26,396,613","-2,488,828",-0.01898243,,
2022-04-21,"5,899","8,434","88,149","43,729","4,415,101","4,291,447","26,440,342","-2,546,890",-0.01716957,,
2022-04-22,"6,342","9,111","85,372","46,811","4,421,443","4,300,558","26,487,153","-2,609,154",-0.01794106,,
2022-04-23,"5,624","10,041","80,948","58,110","4,427,067","4,310,599","26,545,263","-2,682,929",-0.02165916,,
2022-04-24,"4,006","10,223","74,724","40,994","4,431,073","4,320,822","26,586,257","-2,738,152",-0.01497141,,
2022-04-25,"2,478","9,215","67,982","28,677","4,433,551","4,330,037","26,614,934","-2,778,522",-0.01032095,,
2022-04-26,"3,361","9,484","61,851","24,501","4,436,912","4,339,521","26,639,435","-2,815,868",-0.00870105,,
2022-04-27,"3,471","6,900","58,414","24,410","4,440,383","4,346,421","26,663,845","-2,850,649",-0.00856296,,
2022-04-28,"2,935","7,585","53,755","21,794","4,443,318","4,354,006","26,685,639","-2,882,963",-0.00755958,,
2022-04-29,"2,579","6,055","50,275","27,204","4,445,897","4,360,061","26,712,843","-2,918,801",-0.00932027,,
2022-04-30,"2,107","6,890","45,488","28,195","4,448,004","4,366,951","26,741,038","-2,955,993",-0.00953825,,
2022-05-01,"1,503","5,839","41,144","10,409","4,449,507","4,372,790","26,751,447","-2,973,744",-0.0035003,,
2022-05-02,"1,352","6,074","36,419","1,700","4,450,859","4,378,864","26,753,147","-2,982,870",-0.00056992,,
2022-05-03,922,"5,520","31,818","1,148","4,451,781","4,384,384","26,754,295","-2,990,460",-0.00038389,,
2022-05-04,"1,054","4,107","28,759","1,565","4,452,835","4,388,491","26,755,860","-2,997,186",-0.00052216,,
2022-05-05,"1,278","2,599","27,434","8,237","4,454,113","4,391,090","26,764,097","-3,009,300",-0.00273718,,
2022-05-06,"1,251","3,181","25,503","14,487","4,455,364","4,394,271","26,778,584","-3,028,219",-0.004784,,
2022-05-07,"1,372","3,610","23,262","18,540","4,456,736","4,397,881","26,797,124","-3,051,741",-0.00607522,,
2022-05-08,"2,153","2,869","22,542","20,580","4,458,889","4,400,750","26,817,704","-3,077,343",-0.00668759,,
2022-05-09,"2,246","2,433","22,349","17,934","4,461,135","4,403,183","26,835,638","-3,099,956",-0.00578524,,
2022-05-10,"2,605","2,014","22,935","17,279","4,463,740","4,405,197","26,852,917","-3,121,854",-0.00553485,,
2022-05-11,"3,321","1,416","24,834","16,449","4,467,061","4,406,613","26,869,366","-3,143,040",-0.00523347,,
2022-05-12,"3,410","1,430","26,808","19,116","4,470,471","4,408,043","26,888,482","-3,166,996",-0.006036,,
2022-05-13,"3,029","1,116","28,717","29,463","4,473,500","4,409,159","26,917,945","-3,200,604",-0.00920545,,
2022-05-14,"2,373","1,340","29,747","27,278","4,475,873","4,410,499","26,945,223","-3,231,595",-0.00844103,,
2022-05-15,"2,239","1,263","30,718","14,319","4,478,112","4,411,762","26,959,542","-3,249,416",-0.00440664,,
2022-05-16,"1,697","1,548","30,863","5,592","4,479,809","4,413,310","26,965,134","-3,258,253",-0.00171626,,
2022-05-17,"1,469","1,836","30,495","9,540","4,481,278","4,415,146","26,974,674","-3,271,098",-0.00291645,,
2022-05-18,"2,017","2,548","29,959","7,152","4,483,295","4,417,694","26,981,826","-3,282,815",-0.00217862,,
2022-05-19,"2,124","2,303","29,776","8,474","4,485,419","4,419,997","26,990,300","-3,295,716",-0.00257122,,
2022-05-20,"2,063","2,618","29,218","13,968","4,487,482","4,422,615","27,004,268","-3,314,365",-0.00421438,,
2022-05-21,"2,021","3,162","28,077","14,591","4,489,503","4,425,777","27,018,859","-3,334,139",-0.00437624,,
2022-05-22,"1,817","3,389","26,503","8,831","4,491,320","4,429,166","27,027,690","-3,348,176",-0.00263756,,
2022-05-23,"1,544","2,905","25,138","4,932","4,492,864","4,432,071","27,032,622","-3,357,557",-0.00146893,,
2022-05-24,"1,918","2,124","24,927","5,217","4,494,782","4,434,195","27,037,839","-3,366,816",-0.00154954,,
2022-05-25,"2,430","2,192","25,163","5,294","4,497,212","4,436,387","27,043,133","-3,376,732",-0.00156779,,
2022-05-26,"1,845","1,825","25,179","6,239","4,499,057","4,438,212","27,049,372","-3,386,641",-0.00184224,,
2022-05-27,"1,877","1,680","25,372","10,899","4,500,934","4,439,892","27,060,271","-3,401,097",-0.00320455,,
2022-05-28,"1,645","1,809","25,205","10,504","4,502,579","4,441,701","27,070,775","-3,415,055",-0.00307579,,
2022-05-29,"1,155","1,975","24,381","6,946","4,503,734","4,443,676","27,077,721","-3,425,131",-0.00202795,,
2022-05-30,"1,325","1,935","23,766","4,786","4,505,059","4,445,611","27,082,507","-3,433,177",-0.00139404,,
2022-05-31,"1,451","2,071","23,144","4,661","4,506,510","4,447,682","27,087,168","-3,441,360",-0.00135441,,
2022-06-01,"1,809","1,911","23,034","2,689","4,508,319","4,449,593","27,089,857","-3,447,769",-0.00077992,,
2022-06-02,"1,877","1,715","23,191","4,172","4,510,196","4,451,308","27,094,029","-3,455,533",-0.00120734,,
2022-06-03,"1,844","2,005","23,026","6,844","4,512,040","4,453,313","27,100,873","-3,466,226",-0.00197448,,
2022-06-04,"1,591","2,185","22,428","5,677","4,513,631","4,455,498","27,106,550","-3,475,679",-0.00163335,,
2022-06-05,"1,358","1,620","22,166","3,186","4,514,989","4,457,118","27,109,736","-3,481,843",-0.00091503,,
2022-06-06,"1,330","1,881","21,612","1,347","4,516,319","4,458,999","27,111,083","-3,486,401",-0.00038636,,
2022-06-07,"1,128","1,547","21,191","3,730","4,517,447","4,460,546","27,114,813","-3,492,806",-0.00106791,,
2022-06-08,"1,518","1,125","21,579","3,840","4,518,965","4,461,671","27,118,653","-3,499,289",-0.00109737,,
2022-06-09,"1,887","1,399","22,066","5,854","4,520,852","4,463,070","27,124,507","-3,508,429",-0.00166855,,
2022-06-10,"2,166","1,488","22,741","9,594","4,523,018","4,464,558","27,134,101","-3,521,677",-0.00272427,,
2022-06-11,"1,709","1,746","22,700","10,718","4,524,727","4,466,304","27,144,819","-3,535,850",-0.00303124,,
2022-06-12,"1,571","1,887","22,384","6,521","4,526,298","4,468,191","27,151,340","-3,545,829",-0.00183906,,
2022-06-13,"2,092","1,876","22,594","5,297","4,528,390","4,470,067","27,156,637","-3,555,094",-0.00148997,,
2022-06-14,"1,922","1,564","22,949","4,761","4,530,312","4,471,631","27,161,398","-3,563,341",-0.00133611,,
2022-06-15,"2,320","1,390","23,878","6,287","4,532,632","4,473,021","27,167,685","-3,573,338",-0.00175942,,
2022-06-16,"2,033","1,337","24,572","9,628","4,534,665","4,474,358","27,177,313","-3,586,336",-0.00268463,,
2022-06-17,"2,130","1,080","25,622","14,773","4,536,795","4,475,438","27,192,086","-3,604,319",-0.00409869,,
2022-06-18,"2,127","1,390","26,359","13,945","4,538,922","4,476,828","27,206,031","-3,621,781",-0.00385032,,
2022-06-19,"1,690","2,108","25,936","8,657","4,540,612","4,478,936","27,214,688","-3,634,236",-0.00238207,,
2022-06-20,"2,093","2,082","25,945","5,221","4,542,705","4,481,018","27,219,909","-3,643,632",-0.00143291,,
2022-06-21,"1,921","1,716","26,147","4,904","4,544,626","4,482,734","27,224,813","-3,652,173",-0.00134276,,
2022-06-22,"2,425","1,550","27,021","6,610","4,547,051","4,484,284","27,231,423","-3,662,758",-0.00180465,,
2022-06-23,"2,796","2,503","27,313","8,013","4,549,847","4,486,787","27,239,436","-3,676,070",-0.00217977,,
2022-06-24,"2,512","1,580","28,242","13,445","4,552,359","4,488,367","27,252,881","-3,693,607",-0.00364007,,
2022-06-25,"2,302","2,539","28,001","9,213","4,554,661","4,490,906","27,262,094","-3,707,661",-0.00248486,,
2022-06-26,"2,003","1,861","28,138","5,032","4,556,664","4,492,767","27,267,126","-3,716,557",-0.00135394,,
2022-06-27,"1,894","1,944","28,084","2,216","4,558,558","4,494,711","27,269,342","-3,722,611",-0.00059528,,
2022-06-28,"2,025","2,367","27,742","1,645","4,560,583","4,497,078","27,270,987","-3,728,648",-0.00044118,,
2022-06-29,"2,605","1,633","28,714","1,723","4,563,188","4,498,711","27,272,710","-3,734,609",-0.00046136,,
